timestamp,time,temperature,irradiance,voltage,current,power
1666015203,2022-10-17 07:00:02,7.5,0.0,8.7,-0.0,0.0
1666015262,2022-10-17 07:01:02,7.56,0.0,9.17,-0.0,0.0
1666015323,2022-10-17 07:02:02,7.56,0.0,9.6,-0.0,0.0
1666015382,2022-10-17 07:03:02,7.56,0.0,9.99,-0.0,0.0
1666015443,2022-10-17 07:04:02,7.56,0.0,10.35,0.0,0.0
1666015502,2022-10-17 07:05:02,7.56,0.0,10.69,-0.0,0.0
1666015563,2022-10-17 07:06:02,7.56,0.0,11.03,-0.0,0.0
1666015622,2022-10-17 07:07:02,7.62,0.0,11.37,0.0,0.0
1666015683,2022-10-17 07:08:02,7.62,0.0,11.69,0.0,0.0
1666015742,2022-10-17 07:09:02,7.62,0.0,11.98,-0.0,0.0
1666015803,2022-10-17 07:10:02,7.62,0.0,12.25,-0.0,0.0
1666015862,2022-10-17 07:11:02,7.69,0.63,12.5,0.0,0.0
1666015923,2022-10-17 07:12:02,7.62,0.63,12.74,0.0,0.0
1666015982,2022-10-17 07:13:02,7.62,1.25,12.97,0.0,0.0
1666016043,2022-10-17 07:14:02,7.56,1.25,13.16,0.0,0.0
1666016103,2022-10-17 07:15:03,7.5,1.25,13.2,0.0,0.01
1666016163,2022-10-17 07:16:02,7.5,1.88,13.22,0.0,0.01
1666016222,2022-10-17 07:17:02,7.44,1.88,13.23,0.0,0.02
1666016283,2022-10-17 07:18:02,7.44,2.5,13.24,0.0,0.03
1666016342,2022-10-17 07:19:02,7.44,2.5,13.25,0.0,0.03
1666016402,2022-10-17 07:20:02,7.44,2.5,13.26,0.0,0.04
1666016463,2022-10-17 07:21:02,7.44,3.13,13.26,0.0,0.05
1666016522,2022-10-17 07:22:02,7.38,3.75,13.27,0.0,0.06
1666016583,2022-10-17 07:23:02,7.38,4.38,13.27,0.01,0.07
1666016642,2022-10-17 07:24:02,7.38,5.0,13.28,0.01,0.08
1666016703,2022-10-17 07:25:02,7.38,5.0,13.28,0.01,0.09
1666016762,2022-10-17 07:26:02,7.38,5.63,13.28,0.01,0.1
1666016823,2022-10-17 07:27:02,7.44,6.25,13.29,0.01,0.11
1666016882,2022-10-17 07:28:02,7.5,6.25,13.29,0.01,0.12
1666016943,2022-10-17 07:29:02,7.5,7.5,13.3,0.01,0.14
1666017003,2022-10-17 07:30:02,7.56,7.5,13.3,0.01,0.15
1666017063,2022-10-17 07:31:02,7.56,8.75,13.3,0.01,0.16
1666017123,2022-10-17 07:32:02,7.62,8.75,13.3,0.01,0.17
1666017183,2022-10-17 07:33:03,7.69,9.38,13.31,0.01,0.18
1666017243,2022-10-17 07:34:02,7.69,9.38,13.31,0.01,0.2
1666017303,2022-10-17 07:35:03,7.69,10.63,13.31,0.02,0.21
1666017363,2022-10-17 07:36:02,7.75,10.63,13.32,0.02,0.22
1666017422,2022-10-17 07:37:02,7.75,11.25,13.32,0.02,0.23
1666017483,2022-10-17 07:38:02,7.75,11.88,13.32,0.02,0.24
1666017542,2022-10-17 07:39:02,7.75,12.5,13.32,0.02,0.26
1666017603,2022-10-17 07:40:02,7.75,12.5,13.33,0.02,0.27
1666017662,2022-10-17 07:41:02,7.75,13.13,13.33,0.02,0.27
1666017723,2022-10-17 07:42:02,7.75,13.75,13.34,0.02,0.29
1666017782,2022-10-17 07:43:02,7.75,14.38,13.34,0.02,0.31
1666017843,2022-10-17 07:44:02,7.81,15.63,13.35,0.02,0.33
1666017902,2022-10-17 07:45:02,7.88,16.25,13.36,0.03,0.36
1666017963,2022-10-17 07:46:02,7.88,18.75,13.41,0.03,0.4
1666018022,2022-10-17 07:47:02,7.94,20.63,15.06,0.03,0.44
1666018083,2022-10-17 07:48:03,7.94,24.38,16.27,0.03,0.44
1666018143,2022-10-17 07:49:02,8.0,27.5,16.73,0.03,0.44
1666018202,2022-10-17 07:50:02,8.06,37.5,17.62,0.03,0.45
1666018263,2022-10-17 07:51:03,8.12,51.88,18.0,0.02,0.44
1666018323,2022-10-17 07:52:02,8.25,45.0,17.26,0.03,0.44
1666018382,2022-10-17 07:53:02,8.38,25.63,16.37,0.03,0.44
1666018443,2022-10-17 07:54:03,8.44,25.63,16.51,0.03,0.44
1666018503,2022-10-17 07:55:02,8.5,29.38,16.47,0.03,0.44
1666018563,2022-10-17 07:56:03,8.5,27.5,16.21,0.03,0.44
1666018623,2022-10-17 07:57:02,8.56,25.0,15.76,0.03,0.44
1666018683,2022-10-17 07:58:03,8.56,25.0,15.9,0.03,0.44
1666018743,2022-10-17 07:59:02,8.56,26.88,16.04,0.03,0.44
1666018803,2022-10-17 08:00:03,8.56,26.88,16.4,0.03,0.44
1666018862,2022-10-17 08:01:02,8.62,35.63,17.65,0.03,0.44
1666018923,2022-10-17 08:02:02,8.69,58.75,17.93,0.02,0.45
1666018983,2022-10-17 08:03:02,8.69,63.75,17.63,0.03,0.44
1666019043,2022-10-17 08:04:02,8.81,47.5,17.02,0.03,0.45
1666019102,2022-10-17 08:05:02,8.88,33.13,16.69,0.03,0.44
1666019163,2022-10-17 08:06:02,8.94,30.0,16.71,0.03,0.45
1666019222,2022-10-17 08:07:02,9.0,31.88,16.9,0.03,0.45
1666019283,2022-10-17 08:08:02,9.06,32.5,17.12,0.03,0.44
1666019342,2022-10-17 08:09:02,9.12,35.0,17.52,0.03,0.45
1666019403,2022-10-17 08:10:02,9.25,39.38,18.13,0.02,0.45
1666019462,2022-10-17 08:11:02,9.38,45.63,15.5,0.08,1.24
1666019523,2022-10-17 08:12:02,9.62,78.75,16.19,0.13,2.16
1666019582,2022-10-17 08:13:02,9.88,140.63,14.99,0.21,3.15
1666019643,2022-10-17 08:14:02,10.25,193.76,16.78,0.22,3.71
1666019702,2022-10-17 08:15:02,10.62,226.88,18.22,0.21,3.75
1666019763,2022-10-17 08:16:02,11.06,252.51,17.56,0.23,4.02
1666019823,2022-10-17 08:17:03,11.5,275.63,17.54,0.21,3.66
1666019882,2022-10-17 08:18:02,11.88,256.88,17.76,0.17,3.07
1666019943,2022-10-17 08:19:02,12.31,199.38,18.87,0.14,2.54
1666020002,2022-10-17 08:20:02,12.62,198.76,15.28,0.22,3.35
1666020063,2022-10-17 08:21:02,13.0,243.13,18.18,0.21,3.84
1666020122,2022-10-17 08:22:02,13.31,230.01,16.66,0.23,3.8
1666020183,2022-10-17 08:23:02,13.69,189.38,16.74,0.24,3.96
1666020242,2022-10-17 08:24:02,14.0,221.26,16.9,0.26,4.38
1666020303,2022-10-17 08:25:02,14.38,236.26,16.94,0.26,4.43
1666020362,2022-10-17 08:26:02,14.69,223.13,16.8,0.25,4.14
1666020423,2022-10-17 08:27:02,15.0,202.51,17.41,0.19,3.33
1666020482,2022-10-17 08:28:02,15.25,196.88,16.72,0.2,3.38
1666020543,2022-10-17 08:29:03,15.5,216.26,16.97,0.25,4.33
1666020603,2022-10-17 08:30:02,15.81,231.88,15.74,0.3,4.7
1666020663,2022-10-17 08:31:03,15.81,252.51,17.33,0.3,5.14
1666020723,2022-10-17 08:32:02,16.31,258.76,17.39,0.3,5.25
1666020782,2022-10-17 08:33:02,16.69,280.63,16.77,0.33,5.57
1666020843,2022-10-17 08:34:02,17.0,319.38,16.84,0.34,5.67
1666020902,2022-10-17 08:35:02,17.19,340.01,18.75,0.28,5.21
1666020963,2022-10-17 08:36:02,17.44,357.51,16.07,0.36,5.85
1666021022,2022-10-17 08:37:02,17.81,368.14,17.03,0.37,6.26
1666021083,2022-10-17 08:38:02,18.12,373.76,16.17,0.38,6.17
1666021142,2022-10-17 08:39:02,18.38,376.89,18.31,0.34,5.8
1666021203,2022-10-17 08:40:02,18.56,381.26,16.24,0.39,6.41
1666021263,2022-10-17 08:41:03,18.81,390.01,16.87,0.4,6.72
1666021323,2022-10-17 08:42:02,18.94,403.76,15.97,0.42,6.67
1666021382,2022-10-17 08:43:02,19.31,418.76,16.32,0.43,6.98
1666021443,2022-10-17 08:44:02,19.56,424.39,15.82,0.44,7.03
1666021503,2022-10-17 08:45:03,19.75,426.26,18.1,0.39,7.1
1666021562,2022-10-17 08:46:02,20.0,425.64,16.48,0.44,7.24
1666021623,2022-10-17 08:47:02,20.31,426.26,16.06,0.45,7.14
1666021682,2022-10-17 08:48:02,20.5,431.26,17.98,0.41,7.39
1666021743,2022-10-17 08:49:02,20.69,441.26,15.48,0.47,7.21
1666021802,2022-10-17 08:50:02,21.12,449.39,17.33,0.45,7.73
1666021863,2022-10-17 08:51:02,21.44,453.14,15.59,0.48,7.48
1666021922,2022-10-17 08:52:02,21.75,460.64,18.96,0.36,6.74
1666021983,2022-10-17 08:53:02,22.12,468.76,17.72,0.45,7.91
1666022043,2022-10-17 08:54:03,22.5,470.01,16.05,0.49,7.91
1666022103,2022-10-17 08:55:02,22.69,458.76,17.22,0.46,7.93
1666022163,2022-10-17 08:56:03,22.81,444.39,16.43,0.47,7.7
1666022223,2022-10-17 08:57:02,23.25,441.26,17.39,0.44,7.65
1666022282,2022-10-17 08:58:02,23.5,435.64,16.6,0.45,7.54
1666022343,2022-10-17 08:59:02,23.75,409.39,16.54,0.43,7.08
1666022402,2022-10-17 09:00:02,23.81,415.01,15.04,0.46,6.87
1666022463,2022-10-17 09:01:02,23.88,431.26,15.04,0.48,7.17
1666022522,2022-10-17 09:02:02,23.81,438.76,15.17,0.49,7.39
1666022583,2022-10-17 09:03:02,24.12,448.14,15.63,0.5,7.72
1666022642,2022-10-17 09:04:02,24.19,461.26,15.72,0.51,7.98
1666022703,2022-10-17 09:05:02,24.31,484.39,16.99,0.51,8.56
1666022762,2022-10-17 09:06:02,24.56,493.77,17.85,0.47,8.41
1666022823,2022-10-17 09:07:02,24.81,503.77,17.4,0.51,8.95
1666022882,2022-10-17 09:08:02,25.06,510.64,16.48,0.55,9.07
1666022943,2022-10-17 09:09:02,25.5,514.39,16.46,0.56,9.17
1666023002,2022-10-17 09:10:02,25.69,524.39,15.64,0.58,9.11
1666023063,2022-10-17 09:11:02,25.5,528.14,16.89,0.56,9.45
1666023122,2022-10-17 09:12:02,25.44,532.52,17.16,0.56,9.53
1666023183,2022-10-17 09:13:02,26.06,542.52,17.04,0.57,9.65
1666023242,2022-10-17 09:14:02,26.56,552.52,16.16,0.6,9.72
1666023303,2022-10-17 09:15:02,27.06,558.14,16.4,0.6,9.81
1666023363,2022-10-17 09:16:02,27.38,560.64,16.84,0.59,10.01
1666023423,2022-10-17 09:17:03,27.5,563.77,16.84,0.6,10.05
1666023483,2022-10-17 09:18:02,27.56,567.52,15.09,0.64,9.63
1666023543,2022-10-17 09:19:03,27.56,569.39,16.52,0.62,10.18
1666023603,2022-10-17 09:20:02,27.88,574.39,16.94,0.61,10.32
1666023663,2022-10-17 09:21:03,28.25,585.64,16.94,0.62,10.52
1666023723,2022-10-17 09:22:02,28.69,591.27,16.97,0.63,10.61
1666023783,2022-10-17 09:23:03,28.94,598.14,16.99,0.63,10.71
1666023843,2022-10-17 09:24:02,29.0,602.52,17.11,0.63,10.79
1666023902,2022-10-17 09:25:02,28.88,607.52,15.61,0.68,10.71
1666023963,2022-10-17 09:26:02,29.25,603.14,17.18,0.64,11.0
1666024022,2022-10-17 09:27:02,29.5,585.64,16.26,0.68,11.04
1666024083,2022-10-17 09:28:03,29.94,548.77,17.25,0.65,11.17
1666024143,2022-10-17 09:29:02,29.94,505.64,17.28,0.65,11.18
1666024202,2022-10-17 09:30:02,30.69,480.64,15.32,0.72,10.99
1666024263,2022-10-17 09:31:02,30.94,469.39,15.65,0.72,11.2
1666024323,2022-10-17 09:32:02,31.0,469.39,17.39,0.66,11.45
1666024383,2022-10-17 09:33:03,30.75,472.51,17.41,0.66,11.56
1666024443,2022-10-17 09:34:02,31.06,478.14,16.98,0.7,11.81
1666024502,2022-10-17 09:35:02,31.06,479.39,15.87,0.74,11.69
1666024563,2022-10-17 09:36:02,31.31,480.01,17.22,0.67,11.59
1666024622,2022-10-17 09:37:02,31.56,485.64,16.09,0.74,11.95
1666024683,2022-10-17 09:38:02,32.12,491.89,18.05,0.63,11.43
1666024742,2022-10-17 09:39:02,32.38,498.77,16.09,0.76,12.3
1666024803,2022-10-17 09:40:02,32.19,503.14,15.3,0.79,12.22
1666024862,2022-10-17 09:41:02,32.31,508.14,17.07,0.73,12.71
1666024923,2022-10-17 09:42:02,32.19,509.39,17.76,0.7,12.36
1666024982,2022-10-17 09:43:02,32.31,513.77,14.48,0.83,12.02
1666025043,2022-10-17 09:44:02,32.62,517.52,17.25,0.75,12.95
1666025102,2022-10-17 09:45:02,32.94,520.64,16.39,0.8,13.08
1666025163,2022-10-17 09:46:02,33.12,526.27,17.21,0.77,13.19
1666025222,2022-10-17 09:47:02,33.0,531.27,16.57,0.79,13.37
1666025283,2022-10-17 09:48:02,33.38,535.64,16.84,0.8,13.53
1666025342,2022-10-17 09:49:02,33.56,527.52,17.33,0.76,13.19
1666025403,2022-10-17 09:50:02,33.44,531.89,17.56,0.75,13.19
1666025463,2022-10-17 09:51:03,33.81,540.64,16.52,0.84,13.95
1666025522,2022-10-17 09:52:02,33.75,554.39,18.07,0.72,13.05
1666025583,2022-10-17 09:53:02,34.06,552.52,17.18,0.81,13.9
1666025643,2022-10-17 09:54:02,34.44,550.64,15.45,0.88,13.61
1666025703,2022-10-17 09:55:03,34.25,543.77,15.75,0.86,13.58
1666025763,2022-10-17 09:56:02,33.81,498.77,16.63,0.76,12.59
1666025823,2022-10-17 09:57:03,33.56,500.64,15.64,0.79,12.23
1666025883,2022-10-17 09:58:02,33.88,501.27,14.88,0.82,12.03
1666025942,2022-10-17 09:59:02,34.12,539.39,16.95,0.77,13.74
1666026003,2022-10-17 10:00:02,34.06,561.89,17.64,0.79,13.9
1666026062,2022-10-17 10:01:02,34.25,580.02,16.4,0.9,14.8
1666026123,2022-10-17 10:02:02,34.56,591.27,18.24,0.75,13.6
1666026182,2022-10-17 10:03:02,35.31,595.02,14.96,0.97,14.54
1666026243,2022-10-17 10:04:02,35.88,588.77,16.72,0.9,15.0
1666026302,2022-10-17 10:05:02,36.19,598.77,16.34,0.93,15.18
1666026363,2022-10-17 10:06:02,36.19,605.02,16.56,0.93,15.42
1666026422,2022-10-17 10:07:02,36.69,591.89,16.81,0.89,15.01
1666026483,2022-10-17 10:08:02,36.94,601.27,15.92,0.96,15.34
1666026543,2022-10-17 10:09:02,37.38,608.14,15.91,0.97,15.39
1666026602,2022-10-17 10:10:02,37.69,607.52,16.39,0.94,15.39
1666026663,2022-10-17 10:11:02,38.12,611.27,16.38,0.95,15.53
1666026723,2022-10-17 10:12:02,38.12,610.02,18.24,0.74,13.42
1666026783,2022-10-17 10:13:02,38.31,595.02,15.68,0.95,14.91
1666026842,2022-10-17 10:14:02,38.0,538.77,15.99,0.85,13.57
1666026903,2022-10-17 10:15:02,37.44,491.26,15.48,0.79,12.29
1666026962,2022-10-17 10:16:02,36.88,420.64,16.92,0.62,10.42
1666027023,2022-10-17 10:17:02,36.94,516.27,17.17,0.79,13.49
1666027082,2022-10-17 10:18:02,37.06,555.64,17.5,0.82,13.77
1666027143,2022-10-17 10:19:02,36.94,635.64,16.22,1.01,16.34
1666027202,2022-10-17 10:20:02,37.44,646.27,15.64,1.04,16.34
1666027263,2022-10-17 10:21:02,37.38,632.52,15.82,1.02,16.07
1666027322,2022-10-17 10:22:02,37.69,599.39,18.2,0.74,13.5
1666027383,2022-10-17 10:23:02,37.75,610.02,15.5,0.99,15.35
1666027442,2022-10-17 10:24:02,37.69,625.02,16.32,0.98,16.05
1666027503,2022-10-17 10:25:02,37.06,639.39,16.38,1.01,16.48
1666027562,2022-10-17 10:26:02,37.0,657.52,17.22,0.97,16.77
1666027623,2022-10-17 10:27:02,37.56,651.27,15.59,1.06,16.55
1666027682,2022-10-17 10:28:02,37.88,656.27,17.3,0.96,16.65
1666027743,2022-10-17 10:29:02,38.12,646.89,15.65,1.05,16.47
1666027802,2022-10-17 10:30:02,38.31,583.77,15.37,0.95,14.66
1666027863,2022-10-17 10:31:02,38.19,579.39,16.16,0.92,14.82
1666027922,2022-10-17 10:32:02,38.25,498.77,17.57,0.69,12.04
1666027983,2022-10-17 10:33:02,38.5,512.52,14.58,0.85,12.43
1666028042,2022-10-17 10:34:02,38.38,529.39,14.47,0.88,12.79
1666028103,2022-10-17 10:35:02,37.56,556.89,15.37,0.9,13.99
1666028163,2022-10-17 10:36:02,37.56,523.14,16.04,0.83,13.36
1666028223,2022-10-17 10:37:03,37.38,508.14,16.6,0.8,13.04
1666028283,2022-10-17 10:38:02,37.31,420.64,15.24,0.69,10.48
1666028342,2022-10-17 10:39:02,37.0,379.39,16.94,0.56,9.46
1666028403,2022-10-17 10:40:03,36.38,364.39,16.51,0.56,9.21
1666028463,2022-10-17 10:41:02,36.12,316.26,16.09,0.49,7.93
1666028522,2022-10-17 10:42:02,36.12,281.26,17.69,0.36,6.4
1666028583,2022-10-17 10:43:02,34.12,285.01,15.46,0.46,7.08
1666028643,2022-10-17 10:44:02,33.69,271.88,16.26,0.42,6.82
1666028703,2022-10-17 10:45:03,32.81,268.13,17.63,0.36,6.28
1666028762,2022-10-17 10:46:02,32.25,276.88,18.11,0.34,6.11
1666028823,2022-10-17 10:47:02,31.81,336.26,16.48,0.53,8.69
1666028882,2022-10-17 10:48:02,31.5,318.13,16.1,0.51,8.18
1666028943,2022-10-17 10:49:02,31.25,344.39,16.39,0.54,8.93
1666029003,2022-10-17 10:50:02,30.81,356.26,16.52,0.56,9.29
1666029062,2022-10-17 10:51:02,30.88,369.39,17.15,0.56,9.56
1666029123,2022-10-17 10:52:02,30.94,375.64,17.39,0.55,9.64
1666029182,2022-10-17 10:53:02,30.81,392.51,16.87,0.61,10.27
1666029243,2022-10-17 10:54:02,30.75,439.39,17.55,0.65,11.41
1666029302,2022-10-17 10:55:02,30.88,473.14,16.9,0.73,12.53
1666029363,2022-10-17 10:56:02,31.38,425.64,17.54,0.63,10.96
1666029423,2022-10-17 10:57:02,31.69,488.14,15.08,0.82,12.35
1666029482,2022-10-17 10:58:02,31.81,496.27,17.33,0.75,13.03
1666029543,2022-10-17 10:59:02,32.31,458.14,14.82,0.76,11.44
1666029602,2022-10-17 11:00:02,32.19,395.01,16.95,0.6,10.2
1666029663,2022-10-17 11:01:02,32.19,408.76,15.52,0.68,10.44
1666029722,2022-10-17 11:02:02,32.38,414.39,17.07,0.63,10.72
1666029782,2022-10-17 11:03:02,32.44,418.14,17.32,0.62,10.72
1666029843,2022-10-17 11:04:02,32.62,465.64,17.66,0.67,11.85
1666029902,2022-10-17 11:05:02,32.94,428.14,17.2,0.64,11.01
1666029963,2022-10-17 11:06:02,33.0,481.26,15.74,0.78,12.47
1666030022,2022-10-17 11:07:02,33.38,479.39,16.32,0.77,12.51
1666030083,2022-10-17 11:08:02,33.44,471.26,17.17,0.73,12.48
1666030143,2022-10-17 11:09:03,33.56,416.89,15.68,0.68,10.67
1666030202,2022-10-17 11:10:02,33.44,435.01,17.21,0.65,11.18
1666030263,2022-10-17 11:11:02,33.44,392.51,16.82,0.6,10.08
1666030322,2022-10-17 11:12:02,33.31,406.26,16.94,0.62,10.5
1666030383,2022-10-17 11:13:02,33.31,438.76,17.34,0.65,11.26
1666030442,2022-10-17 11:14:02,33.5,463.76,17.5,0.68,11.88
1666030503,2022-10-17 11:15:02,33.62,508.77,16.19,0.82,13.32
1666030563,2022-10-17 11:16:02,33.81,476.89,16.34,0.76,12.46
1666030622,2022-10-17 11:17:02,34.0,527.52,15.48,0.87,13.54
1666030683,2022-10-17 11:18:02,34.25,541.27,15.76,0.89,14.03
1666030742,2022-10-17 11:19:02,34.5,554.39,16.53,0.88,14.86
1666030803,2022-10-17 11:20:02,34.88,555.64,16.57,0.88,14.62
1666030863,2022-10-17 11:21:02,35.5,529.39,15.28,0.88,13.47
1666030923,2022-10-17 11:22:02,35.38,515.02,17.88,0.71,12.63
1666030982,2022-10-17 11:23:02,35.06,471.26,17.6,0.67,11.7
1666031043,2022-10-17 11:24:02,34.81,433.14,14.64,0.73,10.62
1666031102,2022-10-17 11:25:02,34.81,407.51,16.92,0.62,10.4
1666031163,2022-10-17 11:26:03,34.75,410.01,16.27,0.65,10.57
1666031223,2022-10-17 11:27:02,34.81,457.51,17.42,0.67,11.63
1666031282,2022-10-17 11:28:02,34.38,429.39,17.14,0.64,11.0
1666031343,2022-10-17 11:29:03,33.81,425.64,15.0,0.71,10.64
1666031403,2022-10-17 11:30:02,33.69,343.76,16.3,0.54,8.73
1666031463,2022-10-17 11:31:02,33.56,271.88,16.56,0.4,6.62
1666031523,2022-10-17 11:32:03,33.06,251.88,17.49,0.33,5.81
1666031583,2022-10-17 11:33:02,32.38,341.89,16.21,0.54,8.74
1666031642,2022-10-17 11:34:02,32.38,411.89,16.55,0.65,10.7
1666031703,2022-10-17 11:35:02,32.31,443.14,17.32,0.66,11.47
1666031762,2022-10-17 11:36:02,32.38,450.01,16.85,0.7,11.77
1666031823,2022-10-17 11:37:02,32.69,476.89,15.93,0.78,12.37
1666031882,2022-10-17 11:38:02,33.0,546.89,16.26,0.87,14.21
1666031943,2022-10-17 11:39:02,32.88,568.14,15.65,0.94,14.72
1666032002,2022-10-17 11:40:02,33.12,575.64,17.26,0.88,14.49
1666032063,2022-10-17 11:41:02,33.69,552.52,14.89,0.93,13.82
1666032122,2022-10-17 11:42:02,34.06,541.27,17.91,0.75,13.41
1666032183,2022-10-17 11:43:02,34.62,560.02,15.34,0.93,14.25
1666032242,2022-10-17 11:44:02,35.0,562.52,16.01,0.91,14.63
1666032303,2022-10-17 11:45:02,35.44,569.39,17.24,0.88,15.11
1666032362,2022-10-17 11:46:02,35.75,609.39,17.14,0.92,15.81
1666032423,2022-10-17 11:47:03,36.25,612.52,16.92,0.94,15.98
1666032483,2022-10-17 11:48:02,36.88,636.89,15.69,1.05,16.44
1666032543,2022-10-17 11:49:03,37.62,641.27,16.83,0.99,16.7
1666032603,2022-10-17 11:50:02,38.12,638.14,15.68,1.05,16.43
1666032663,2022-10-17 11:51:03,38.44,605.02,17.4,0.87,15.55
1666032723,2022-10-17 11:52:02,38.62,489.39,17.51,0.68,11.9
1666032782,2022-10-17 11:53:02,38.31,503.14,17.66,0.69,12.17
1666032843,2022-10-17 11:54:02,38.25,506.27,15.6,0.82,12.86
1666032902,2022-10-17 11:55:02,38.62,602.52,16.43,0.95,15.64
1666032963,2022-10-17 11:56:02,38.94,639.39,15.3,1.06,16.23
1666033022,2022-10-17 11:57:02,38.81,608.77,17.02,0.95,16.22
1666033083,2022-10-17 11:58:02,38.44,619.39,16.37,0.98,16.12
1666033142,2022-10-17 11:59:02,38.25,631.89,16.42,1.01,16.11
1666033203,2022-10-17 12:00:02,38.0,636.27,17.48,0.93,16.19
1666033262,2022-10-17 12:01:02,37.75,661.9,15.76,1.08,17.05
1666033323,2022-10-17 12:02:02,38.38,682.52,18.54,0.77,14.19
1666033382,2022-10-17 12:03:02,38.5,685.02,17.28,1.02,17.46
1666033443,2022-10-17 12:04:02,38.81,630.64,16.4,1.01,16.5
1666033502,2022-10-17 12:05:02,39.44,635.64,15.68,1.03,16.2
1666033563,2022-10-17 12:06:02,39.38,668.15,15.51,1.1,17.0
1666033622,2022-10-17 12:07:02,39.44,666.27,16.3,1.06,17.22
1666033683,2022-10-17 12:08:02,39.5,671.27,15.32,1.12,16.93
1666033742,2022-10-17 12:09:02,39.62,703.15,17.05,1.05,17.93
1666033803,2022-10-17 12:10:03,39.75,687.52,15.94,1.11,17.7
1666033863,2022-10-17 12:11:02,40.25,683.15,16.68,1.05,17.57
1666033923,2022-10-17 12:12:03,40.31,621.27,18.21,0.73,13.34
1666033983,2022-10-17 12:13:02,39.94,648.14,15.12,1.07,16.24
1666034042,2022-10-17 12:14:02,40.12,627.52,14.78,1.05,15.52
1666034103,2022-10-17 12:15:02,39.62,659.4,16.27,1.07,17.01
1666034162,2022-10-17 12:16:02,39.69,708.15,16.95,1.07,18.17
1666034223,2022-10-17 12:17:02,39.69,703.15,17.06,1.06,17.89
1666034282,2022-10-17 12:18:02,39.31,760.02,16.55,1.19,19.77
1666034343,2022-10-17 12:19:02,39.94,793.77,15.87,1.28,20.51
1666034402,2022-10-17 12:20:02,40.31,811.9,16.58,1.27,21.1
1666034463,2022-10-17 12:21:02,40.75,811.9,16.51,1.27,21.01
1666034522,2022-10-17 12:22:02,40.75,815.65,18.72,0.82,15.36
1666034583,2022-10-17 12:23:02,41.12,812.52,15.67,1.33,20.7
1666034642,2022-10-17 12:24:02,41.69,811.9,16.03,1.31,20.94
1666034703,2022-10-17 12:25:02,42.19,810.65,16.95,1.22,20.6
1666034762,2022-10-17 12:26:02,42.88,805.02,16.25,1.27,20.64
1666034823,2022-10-17 12:27:02,43.06,798.77,16.15,1.27,20.43
1666034882,2022-10-17 12:28:02,43.44,800.65,15.47,1.32,20.25
1666034942,2022-10-17 12:29:02,43.75,803.15,15.7,1.3,20.45
1666035003,2022-10-17 12:30:02,44.31,789.4,15.55,1.26,19.94
1666035063,2022-10-17 12:31:02,44.19,798.15,16.33,1.25,20.37
1666035122,2022-10-17 12:32:02,45.12,778.15,18.45,0.77,14.25
1666035183,2022-10-17 12:33:02,45.0,777.52,16.59,1.18,19.98
1666035242,2022-10-17 12:34:02,45.06,796.27,16.05,1.26,20.29
1666035303,2022-10-17 12:35:02,45.06,780.02,15.59,1.26,19.72
1666035362,2022-10-17 12:36:02,44.38,791.27,14.98,1.32,20.03
1666035423,2022-10-17 12:37:02,44.69,803.77,15.64,1.32,20.63
1666035483,2022-10-17 12:38:03,45.12,812.52,16.68,1.24,20.63
1666035542,2022-10-17 12:39:02,45.25,751.27,16.86,1.11,18.76
1666035603,2022-10-17 12:40:02,45.06,751.9,16.28,1.18,19.17
1666035662,2022-10-17 12:41:02,45.25,756.27,16.84,1.12,18.92
1666035723,2022-10-17 12:42:02,45.06,716.9,18.35,0.74,13.67
1666035782,2022-10-17 12:43:02,44.44,763.15,16.4,1.19,19.48
1666035843,2022-10-17 12:44:02,44.25,760.02,15.82,1.23,19.41
1666035903,2022-10-17 12:45:02,44.31,728.15,16.16,1.15,18.62
1666035963,2022-10-17 12:46:02,44.44,677.52,16.22,1.06,17.27
1666036023,2022-10-17 12:47:02,44.81,756.9,15.58,1.21,19.24
1666036083,2022-10-17 12:48:02,44.69,806.9,16.01,1.27,20.33
1666036143,2022-10-17 12:49:02,44.75,809.4,16.38,1.26,20.81
1666036203,2022-10-17 12:50:02,44.5,752.52,15.36,1.22,18.95
1666036263,2022-10-17 12:51:02,44.69,771.27,16.19,1.21,19.67
1666036323,2022-10-17 12:52:02,44.5,733.15,18.4,0.75,13.89
1666036383,2022-10-17 12:53:02,44.56,786.27,16.14,1.24,20.02
1666036443,2022-10-17 12:54:02,45.0,772.52,15.93,1.23,19.65
1666036502,2022-10-17 12:55:02,45.19,806.27,15.63,1.31,20.43
1666036563,2022-10-17 12:56:02,45.19,828.78,15.87,1.34,21.2
1666036622,2022-10-17 12:57:02,45.38,831.9,15.97,1.33,21.19
1666036683,2022-10-17 12:58:02,45.69,838.15,15.58,1.37,21.16
1666036742,2022-10-17 12:59:02,45.88,835.65,15.44,1.36,21.05
1666036803,2022-10-17 13:00:02,45.94,838.15,15.56,1.36,21.19
1666036862,2022-10-17 13:01:02,46.12,835.65,16.67,1.26,20.98
1666036923,2022-10-17 13:02:02,46.19,835.65,17.49,1.11,19.48
1666036982,2022-10-17 13:03:02,46.19,831.9,15.46,1.36,20.98
1666037043,2022-10-17 13:04:02,46.06,829.4,15.59,1.35,21.0
1666037102,2022-10-17 13:05:02,45.94,825.03,15.06,1.37,20.67
1666037163,2022-10-17 13:06:02,46.0,824.4,16.72,1.24,20.73
1666037222,2022-10-17 13:07:02,46.38,824.4,15.83,1.32,20.94
1666037283,2022-10-17 13:08:02,46.31,805.02,15.82,1.29,20.45
1666037342,2022-10-17 13:09:02,46.25,821.28,15.66,1.33,20.85
1666037403,2022-10-17 13:10:02,45.94,825.65,16.27,1.31,21.25
1666037463,2022-10-17 13:11:02,45.44,823.78,15.53,1.32,20.55
1666037523,2022-10-17 13:12:03,45.56,821.28,18.55,0.76,14.15
1666037583,2022-10-17 13:13:02,46.25,821.28,16.01,1.3,20.81
1666037642,2022-10-17 13:14:02,46.0,821.28,15.75,1.32,20.8
1666037703,2022-10-17 13:15:02,45.88,820.03,14.97,1.36,20.35
1666037762,2022-10-17 13:16:02,46.38,821.9,15.87,1.31,20.73
1666037823,2022-10-17 13:17:02,46.88,812.52,15.41,1.34,20.73
1666037882,2022-10-17 13:18:02,47.69,816.27,15.29,1.33,20.33
1666037943,2022-10-17 13:19:02,47.62,817.52,15.18,1.34,20.33
1666038002,2022-10-17 13:20:02,48.0,817.52,14.97,1.35,20.19
1666038063,2022-10-17 13:21:02,48.38,818.15,15.01,1.33,20.02
1666038122,2022-10-17 13:22:02,48.56,816.27,18.05,0.88,15.9
1666038183,2022-10-17 13:23:02,48.38,814.4,16.53,1.22,20.15
1666038242,2022-10-17 13:24:02,47.56,813.77,15.82,1.29,20.43
1666038303,2022-10-17 13:25:03,47.75,811.27,15.32,1.32,20.22
1666038363,2022-10-17 13:26:02,47.44,816.27,16.2,1.27,20.53
1666038422,2022-10-17 13:27:02,47.62,816.9,15.37,1.33,20.38
1666038483,2022-10-17 13:28:02,47.62,815.02,16.28,1.25,20.43
1666038542,2022-10-17 13:29:02,47.0,815.65,15.1,1.34,20.2
1666038603,2022-10-17 13:30:02,47.62,815.65,15.82,1.29,20.48
1666038662,2022-10-17 13:31:02,47.38,813.15,16.59,1.22,20.88
1666038723,2022-10-17 13:32:02,46.44,815.02,17.02,1.16,19.82
1666038783,2022-10-17 13:33:02,46.38,808.15,15.76,1.3,20.43
1666038843,2022-10-17 13:34:03,46.62,807.52,15.91,1.29,19.96
1666038903,2022-10-17 13:35:02,46.81,811.9,16.29,1.25,20.39
1666038962,2022-10-17 13:36:02,46.38,805.02,16.36,1.24,20.33
1666039023,2022-10-17 13:37:02,46.56,809.4,16.82,1.22,20.58
1666039082,2022-10-17 13:38:02,47.19,812.52,16.26,1.25,20.3
1666039143,2022-10-17 13:39:02,46.56,806.27,15.75,1.29,20.31
1666039203,2022-10-17 13:40:02,46.94,805.65,15.38,1.31,20.14
1666039262,2022-10-17 13:41:02,46.81,801.9,15.76,1.26,20.26
1666039323,2022-10-17 13:42:02,46.44,803.77,17.12,1.13,19.32
1666039382,2022-10-17 13:43:02,46.5,803.15,14.57,1.34,19.47
1666039443,2022-10-17 13:44:02,46.69,801.9,15.66,1.29,20.27
1666039503,2022-10-17 13:45:02,46.75,801.27,16.39,1.26,20.06
1666039563,2022-10-17 13:46:03,47.19,801.9,15.81,1.27,20.11
1666039623,2022-10-17 13:47:02,47.06,800.02,16.27,1.23,20.04
1666039683,2022-10-17 13:48:03,46.94,795.02,16.73,1.18,19.71
1666039743,2022-10-17 13:49:02,46.81,796.27,14.57,1.32,19.29
1666039803,2022-10-17 13:50:03,46.75,793.77,16.27,1.23,20.01
1666039863,2022-10-17 13:51:02,46.94,792.52,15.0,1.3,19.55
1666039922,2022-10-17 13:52:02,46.44,793.15,17.26,1.09,18.79
1666039983,2022-10-17 13:53:02,46.56,790.65,15.13,1.3,19.61
1666040042,2022-10-17 13:54:02,46.69,791.27,14.93,1.3,19.4
1666040103,2022-10-17 13:55:02,46.19,790.65,15.59,1.27,19.78
1666040162,2022-10-17 13:56:02,46.0,788.77,16.11,1.21,19.83
1666040223,2022-10-17 13:57:02,46.56,778.77,15.92,1.23,19.64
1666040283,2022-10-17 13:58:02,46.69,781.9,15.63,1.26,19.66
1666040343,2022-10-17 13:59:02,46.5,782.52,15.66,1.26,19.66
1666040403,2022-10-17 14:00:02,46.81,780.65,15.81,1.24,19.65
1666040463,2022-10-17 14:01:03,46.62,780.02,15.66,1.27,19.86
1666040523,2022-10-17 14:02:02,46.62,780.65,16.56,1.18,19.51
1666040582,2022-10-17 14:03:02,46.25,779.4,16.31,1.21,19.39
1666040643,2022-10-17 14:04:02,45.94,783.15,15.2,1.27,19.32
1666040702,2022-10-17 14:05:02,45.19,778.15,15.46,1.26,19.67
1666040763,2022-10-17 14:06:02,45.06,776.9,16.05,1.22,19.57
1666040823,2022-10-17 14:07:02,45.31,772.52,15.2,1.26,19.18
1666040882,2022-10-17 14:08:02,45.44,771.27,15.66,1.23,19.39
1666040943,2022-10-17 14:09:02,45.94,776.27,15.7,1.23,19.37
1666041003,2022-10-17 14:10:02,45.75,771.9,16.38,1.18,19.36
1666041063,2022-10-17 14:11:03,45.38,767.52,15.81,1.22,19.25
1666041123,2022-10-17 14:12:02,45.44,769.4,17.93,0.87,16.32
1666041182,2022-10-17 14:13:02,45.0,768.77,15.62,1.23,19.16
1666041243,2022-10-17 14:14:03,45.0,765.02,15.74,1.22,18.69
1666041303,2022-10-17 14:15:02,45.19,765.65,16.28,1.13,18.32
1666041363,2022-10-17 14:16:03,45.19,764.4,16.27,1.18,19.17
1666041423,2022-10-17 14:17:02,44.75,763.77,15.36,1.23,18.94
1666041482,2022-10-17 14:18:02,44.81,760.65,15.92,1.2,18.74
1666041543,2022-10-17 14:19:02,44.69,763.77,16.23,1.16,19.12
1666041602,2022-10-17 14:20:02,44.81,761.27,15.68,1.21,19.02
1666041663,2022-10-17 14:21:02,44.81,758.15,16.47,1.15,18.02
1666041722,2022-10-17 14:22:02,45.19,758.77,15.94,1.2,19.05
1666041783,2022-10-17 14:23:02,44.5,755.65,16.09,1.17,19.01
1666041842,2022-10-17 14:24:02,44.19,731.9,15.22,1.19,18.05
1666041903,2022-10-17 14:25:02,44.69,756.27,16.44,1.15,18.83
1666041962,2022-10-17 14:26:02,44.25,752.52,16.13,1.17,18.89
1666042023,2022-10-17 14:27:02,44.06,750.02,15.49,1.2,18.66
1666042083,2022-10-17 14:28:02,43.62,746.9,16.66,1.12,18.63
1666042143,2022-10-17 14:29:03,43.25,744.4,17.1,1.06,18.71
1666042203,2022-10-17 14:30:02,44.06,738.15,15.38,1.19,17.93
1666042263,2022-10-17 14:31:03,44.75,742.52,15.14,1.2,18.13
1666042323,2022-10-17 14:32:02,45.25,736.9,16.9,1.06,17.97
1666042382,2022-10-17 14:33:02,45.38,736.27,15.46,1.18,18.13
1666042443,2022-10-17 14:34:02,45.44,733.77,14.87,1.2,17.83
1666042502,2022-10-17 14:35:02,45.94,733.15,14.54,1.2,17.5
1666042563,2022-10-17 14:36:02,46.06,730.02,17.24,1.0,17.17
1666042622,2022-10-17 14:37:02,46.44,730.02,16.44,1.1,18.02
1666042683,2022-10-17 14:38:02,46.31,726.9,15.56,1.15,17.93
1666042742,2022-10-17 14:39:02,46.19,724.4,16.06,1.14,17.98
1666042803,2022-10-17 14:40:02,46.19,725.02,15.79,1.11,18.0
1666042862,2022-10-17 14:41:02,45.44,725.65,15.31,1.16,17.72
1666042923,2022-10-17 14:42:02,45.5,723.77,14.54,1.17,17.06
1666042982,2022-10-17 14:43:02,45.06,721.9,15.27,1.15,17.5
1666043043,2022-10-17 14:44:02,45.19,720.65,16.21,1.1,17.81
1666043102,2022-10-17 14:45:02,45.19,720.02,15.63,1.13,17.64
1666043163,2022-10-17 14:46:02,44.75,715.02,16.62,1.06,16.73
1666043222,2022-10-17 14:47:02,44.75,716.9,16.51,1.07,17.6
1666043283,2022-10-17 14:48:02,44.62,725.02,16.08,1.09,17.56
1666043342,2022-10-17 14:49:02,44.5,731.9,16.07,1.08,17.39
1666043403,2022-10-17 14:50:02,44.38,730.02,16.34,1.06,17.28
1666043462,2022-10-17 14:51:02,44.62,704.4,15.71,1.03,16.22
1666043523,2022-10-17 14:52:02,44.69,706.9,15.56,1.01,15.67
1666043583,2022-10-17 14:53:02,44.81,701.27,17.23,0.94,16.16
1666043643,2022-10-17 14:54:03,45.0,698.77,16.46,0.95,15.58
1666043703,2022-10-17 14:55:02,44.94,688.15,16.9,0.9,15.19
1666043763,2022-10-17 14:56:03,45.0,681.27,17.08,0.86,14.78
1666043823,2022-10-17 14:57:02,44.81,666.27,17.24,0.8,13.87
1666043883,2022-10-17 14:58:03,45.0,637.52,17.92,0.71,12.81
1666043943,2022-10-17 14:59:02,44.69,623.77,17.52,0.67,11.81
1666044003,2022-10-17 15:00:03,44.69,577.52,17.72,0.59,10.42
1666044063,2022-10-17 15:01:02,44.31,573.14,18.16,0.56,9.84
1666044123,2022-10-17 15:02:03,43.88,611.89,18.49,0.54,10.01
1666044183,2022-10-17 15:03:02,43.69,611.27,18.37,0.54,9.89
1666044243,2022-10-17 15:04:03,43.88,633.14,17.76,0.56,9.87
1666044303,2022-10-17 15:05:02,43.62,628.14,18.42,0.53,9.81
1666044363,2022-10-17 15:06:03,43.19,588.77,18.63,0.47,8.76
1666044423,2022-10-17 15:07:02,42.88,611.89,17.62,0.52,9.2
1666044483,2022-10-17 15:08:02,42.69,645.64,17.78,0.54,9.54
1666044542,2022-10-17 15:09:02,42.69,621.27,18.53,0.53,9.82
1666044603,2022-10-17 15:10:02,42.62,651.27,18.7,0.51,9.53
1666044662,2022-10-17 15:11:02,42.62,673.15,18.74,0.5,9.45
1666044723,2022-10-17 15:12:02,42.19,666.27,18.27,0.52,9.54
1666044782,2022-10-17 15:13:02,42.19,659.4,15.82,0.52,8.18
1666044843,2022-10-17 15:14:02,42.31,651.89,18.64,0.5,9.27
1666044902,2022-10-17 15:15:02,42.44,652.52,17.84,0.51,9.06
1666044963,2022-10-17 15:16:02,42.75,636.89,18.77,0.46,8.6
1666045022,2022-10-17 15:17:02,42.62,662.52,18.76,0.46,8.59
1666045083,2022-10-17 15:18:02,42.62,655.65,17.54,0.5,8.79
1666045142,2022-10-17 15:19:02,42.56,647.52,18.44,0.49,9.06
1666045203,2022-10-17 15:20:02,42.38,633.77,18.45,0.49,9.01
1666045262,2022-10-17 15:21:02,42.31,625.64,18.63,0.46,8.56
1666045323,2022-10-17 15:22:02,42.44,630.64,18.24,0.49,8.88
1666045383,2022-10-17 15:23:03,42.75,641.27,16.82,0.48,8.08
1666045443,2022-10-17 15:24:02,42.5,617.52,17.16,0.48,8.21
1666045503,2022-10-17 15:25:03,42.25,616.27,18.26,0.48,8.71
1666045563,2022-10-17 15:26:02,41.81,615.64,16.04,0.48,7.7
1666045623,2022-10-17 15:27:03,41.69,616.27,18.34,0.47,8.64
1666045683,2022-10-17 15:28:02,41.38,603.14,17.57,0.46,8.01
1666045743,2022-10-17 15:29:03,41.75,588.14,16.41,0.44,7.28
1666045803,2022-10-17 15:30:02,42.06,545.02,16.39,0.41,6.8
1666045863,2022-10-17 15:31:03,42.0,568.14,18.7,0.4,7.44
1666045923,2022-10-17 15:32:02,41.81,553.14,18.06,0.43,7.79
1666045983,2022-10-17 15:33:03,41.62,588.77,16.71,0.44,7.44
1666046043,2022-10-17 15:34:02,41.75,586.27,16.24,0.45,7.26
1666046102,2022-10-17 15:35:02,41.44,588.14,16.87,0.45,7.55
1666046163,2022-10-17 15:36:02,41.44,583.77,17.42,0.44,7.65
1666046222,2022-10-17 15:37:02,41.19,580.64,16.35,0.44,7.12
1666046283,2022-10-17 15:38:03,41.19,579.39,16.77,0.44,7.32
1666046343,2022-10-17 15:39:02,40.94,575.64,17.62,0.44,7.68
1666046402,2022-10-17 15:40:02,40.94,570.64,17.44,0.43,7.54
1666046463,2022-10-17 15:41:03,40.62,565.64,16.77,0.43,7.13
1666046523,2022-10-17 15:42:02,40.75,565.64,18.14,0.42,7.54
1666046582,2022-10-17 15:43:02,40.88,560.64,18.16,0.41,7.41
1666046643,2022-10-17 15:44:02,41.19,557.52,15.07,0.41,6.16
1666046703,2022-10-17 15:45:02,41.25,556.27,16.82,0.4,6.74
1666046763,2022-10-17 15:46:03,41.38,551.89,17.93,0.4,7.11
1666046823,2022-10-17 15:47:02,41.5,551.27,18.34,0.38,6.94
1666046882,2022-10-17 15:48:02,41.12,547.52,15.63,0.39,6.09
1666046943,2022-10-17 15:49:03,41.31,544.39,17.94,0.38,6.87
1666047003,2022-10-17 15:50:02,40.94,538.77,17.78,0.38,6.68
1666047062,2022-10-17 15:51:02,40.25,535.64,15.59,0.38,5.88
1666047123,2022-10-17 15:52:02,40.12,529.39,18.71,0.32,5.99
1666047183,2022-10-17 15:53:02,39.81,525.64,16.58,0.36,5.92
1666047243,2022-10-17 15:54:03,39.94,517.52,17.25,0.35,6.03
1666047303,2022-10-17 15:55:02,39.94,505.64,18.25,0.34,6.14
1666047363,2022-10-17 15:56:02,39.75,511.89,17.51,0.34,5.97
1666047423,2022-10-17 15:57:03,39.38,506.27,18.71,0.29,5.45
1666047482,2022-10-17 15:58:02,39.5,498.14,18.5,0.27,5.03
1666047543,2022-10-17 15:59:03,39.44,500.64,16.86,0.26,4.44
1666047603,2022-10-17 16:00:02,38.62,502.52,18.39,0.28,5.17
1666047662,2022-10-17 16:01:02,38.19,500.02,18.4,0.32,5.56
1666047723,2022-10-17 16:02:02,38.0,493.14,18.58,0.28,5.24
1666047783,2022-10-17 16:03:02,37.88,492.52,18.63,0.27,5.11
1666047843,2022-10-17 16:04:03,37.69,485.64,18.74,0.27,4.99
1666047903,2022-10-17 16:05:02,37.75,401.89,18.56,0.29,5.4
1666047962,2022-10-17 16:06:02,37.69,345.64,18.52,0.29,5.4
1666048023,2022-10-17 16:07:02,37.44,380.01,18.83,0.25,4.76
1666048082,2022-10-17 16:08:02,37.38,481.26,18.47,0.29,5.3
1666048143,2022-10-17 16:09:02,37.44,480.64,18.39,0.29,5.36
1666048202,2022-10-17 16:10:02,37.38,474.39,18.46,0.28,5.19
1666048263,2022-10-17 16:11:02,37.5,470.01,18.46,0.28,5.12
1666048323,2022-10-17 16:12:02,37.5,465.64,17.14,0.29,4.91
1666048383,2022-10-17 16:13:03,37.31,459.39,18.61,0.26,4.68
1666048443,2022-10-17 16:14:02,37.0,449.39,16.62,0.27,4.46
1666048503,2022-10-17 16:15:03,36.75,451.26,17.62,0.26,4.66
1666048563,2022-10-17 16:16:02,36.12,450.64,18.75,0.24,4.11
1666048623,2022-10-17 16:17:03,36.31,447.51,17.95,0.23,4.07
1666048683,2022-10-17 16:18:02,36.31,444.39,16.68,0.22,3.64
1666048743,2022-10-17 16:19:03,36.06,442.51,17.76,0.21,3.64
1666048803,2022-10-17 16:20:02,36.0,439.39,16.26,0.19,3.15
1666048863,2022-10-17 16:21:03,36.12,437.51,18.83,0.18,3.4
1666048923,2022-10-17 16:22:02,36.25,433.76,15.36,0.18,2.77
1666048982,2022-10-17 16:23:02,36.38,420.64,16.09,0.17,2.75
1666049043,2022-10-17 16:24:02,36.5,428.76,17.69,0.17,3.02
1666049102,2022-10-17 16:25:02,36.44,426.26,15.53,0.17,2.58
1666049163,2022-10-17 16:26:02,36.31,423.76,17.87,0.16,2.94
1666049222,2022-10-17 16:27:02,36.0,419.39,15.64,0.16,2.55
1666049283,2022-10-17 16:28:02,35.88,417.51,16.08,0.16,2.61
1666049343,2022-10-17 16:29:03,35.56,414.39,15.62,0.16,2.54
1666049403,2022-10-17 16:30:02,35.5,408.76,16.33,0.16,2.62
1666049463,2022-10-17 16:31:02,35.44,411.26,16.3,0.16,2.63
1666049522,2022-10-17 16:32:02,35.25,410.01,18.18,0.16,2.93
1666049583,2022-10-17 16:33:02,35.06,405.64,15.45,0.16,2.49
1666049642,2022-10-17 16:34:02,35.0,404.39,16.27,0.16,2.62
1666049703,2022-10-17 16:35:02,34.94,403.14,16.31,0.16,2.64
1666049762,2022-10-17 16:36:02,34.62,399.39,16.76,0.16,2.7
1666049823,2022-10-17 16:37:02,34.5,400.01,16.29,0.16,2.63
1666049882,2022-10-17 16:38:02,34.5,395.01,15.24,0.16,2.46
1666049943,2022-10-17 16:39:02,34.19,393.14,15.24,0.16,2.45
1666050002,2022-10-17 16:40:02,33.94,385.01,16.22,0.16,2.57
1666050063,2022-10-17 16:41:02,33.75,340.01,14.85,0.15,2.17
1666050122,2022-10-17 16:42:02,33.38,310.01,18.57,0.09,1.7
1666050183,2022-10-17 16:43:02,32.94,236.88,15.85,0.12,1.85
1666050242,2022-10-17 16:44:02,32.0,156.25,15.7,0.09,1.45
1666050303,2022-10-17 16:45:02,31.56,113.75,18.03,0.01,0.18
1666050362,2022-10-17 16:46:02,30.75,128.13,14.8,0.08,1.2
1666050423,2022-10-17 16:47:02,30.06,160.0,15.96,0.09,1.43
1666050482,2022-10-17 16:48:02,29.56,146.88,17.18,0.07,1.2
1666050543,2022-10-17 16:49:02,29.12,98.13,15.45,0.07,1.08
1666050602,2022-10-17 16:50:02,28.88,91.88,15.1,0.07,1.03
1666050663,2022-10-17 16:51:02,28.44,93.75,15.76,0.06,1.01
1666050723,2022-10-17 16:52:02,28.12,96.25,15.44,0.07,1.04
1666050782,2022-10-17 16:53:02,27.81,100.63,17.49,0.03,0.56
1666050843,2022-10-17 16:54:02,27.5,81.88,15.59,0.06,0.91
1666050902,2022-10-17 16:55:02,27.19,73.13,16.22,0.04,0.7
1666050963,2022-10-17 16:56:02,26.81,67.5,15.35,0.05,0.78
1666051022,2022-10-17 16:57:02,26.56,66.88,15.28,0.05,0.77
1666051083,2022-10-17 16:58:02,26.25,66.88,15.29,0.05,0.76
1666051142,2022-10-17 16:59:02,26.0,68.75,16.29,0.04,0.61
1666051203,2022-10-17 17:00:02,25.81,93.75,15.53,0.06,0.95
1666051262,2022-10-17 17:01:02,25.69,105.0,18.03,0.01,0.18
1666051323,2022-10-17 17:02:02,25.44,106.88,14.68,0.07,1.02
1666051382,2022-10-17 17:03:02,25.25,120.0,18.18,0.01,0.24
1666051443,2022-10-17 17:04:02,25.06,113.75,15.2,0.07,1.11
1666051502,2022-10-17 17:05:02,24.94,102.5,18.03,0.01,0.23
1666051563,2022-10-17 17:06:02,24.75,87.5,15.0,0.06,0.92
1666051622,2022-10-17 17:07:02,24.62,81.88,17.79,0.01,0.11
1666051683,2022-10-17 17:08:02,24.56,73.13,15.72,0.05,0.73
1666051742,2022-10-17 17:09:02,24.56,68.13,16.28,0.04,0.66
1666051803,2022-10-17 17:10:02,24.38,79.38,15.53,0.06,0.97
1666051862,2022-10-17 17:11:02,24.38,123.75,15.7,0.09,1.41
1666051923,2022-10-17 17:12:03,24.38,140.63,15.7,0.1,1.63
1666051983,2022-10-17 17:13:02,24.38,148.13,15.94,0.11,1.74
1666052042,2022-10-17 17:14:02,24.62,210.63,16.08,0.12,1.9
1666052103,2022-10-17 17:15:02,24.75,219.38,14.98,0.12,1.74
1666052162,2022-10-17 17:16:02,24.88,188.13,16.99,0.09,1.55
1666052223,2022-10-17 17:17:03,25.0,167.51,16.05,0.11,1.72
1666052283,2022-10-17 17:18:02,25.19,158.13,17.16,0.1,1.65
1666052342,2022-10-17 17:19:02,25.25,140.0,15.34,0.12,1.82
1666052403,2022-10-17 17:20:02,25.31,125.0,18.74,0.02,0.47
1666052463,2022-10-17 17:21:02,25.38,103.75,15.66,0.11,1.76
1666052522,2022-10-17 17:22:02,25.44,94.38,15.78,0.11,1.72
1666052583,2022-10-17 17:23:02,25.5,96.88,17.02,0.09,1.46
1666052643,2022-10-17 17:24:02,25.5,90.63,15.61,0.1,1.52
1666052703,2022-10-17 17:25:03,25.44,80.63,15.49,0.09,1.32
1666052763,2022-10-17 17:26:02,25.31,66.25,16.35,0.05,0.85
1666052822,2022-10-17 17:27:02,25.06,48.13,15.5,0.04,0.67
1666052883,2022-10-17 17:28:03,24.88,47.5,17.54,0.0,0.07
1666052943,2022-10-17 17:29:02,24.69,58.13,15.5,0.06,0.86
1666053002,2022-10-17 17:30:02,24.44,66.25,15.36,0.07,1.06
1666053063,2022-10-17 17:31:02,24.19,66.88,16.86,0.05,0.78
1666053122,2022-10-17 17:32:02,24.0,61.88,14.77,0.07,0.99
1666053183,2022-10-17 17:33:03,23.88,57.5,16.3,0.05,0.74
1666053243,2022-10-17 17:34:02,23.88,51.25,17.48,0.01,0.18
1666053302,2022-10-17 17:35:02,23.69,43.75,14.71,0.04,0.64
1666053363,2022-10-17 17:36:02,23.44,35.63,17.12,0.0,0.01
1666053422,2022-10-17 17:37:02,23.31,29.38,15.5,0.02,0.33
1666053483,2022-10-17 17:38:02,23.12,25.0,15.72,0.01,0.22
1666053542,2022-10-17 17:39:02,22.94,23.13,15.13,0.02,0.27
1666053603,2022-10-17 17:40:02,22.75,22.5,14.62,0.02,0.31
1666053662,2022-10-17 17:41:02,22.62,21.88,16.32,0.0,0.01
1666053722,2022-10-17 17:42:02,22.5,21.25,15.18,0.02,0.23
1666053783,2022-10-17 17:43:02,22.38,21.25,13.22,0.03,0.36
1666053842,2022-10-17 17:44:02,22.19,20.0,13.21,0.03,0.34
1666053903,2022-10-17 17:45:02,22.06,19.38,13.21,0.03,0.34
1666053962,2022-10-17 17:46:02,21.94,20.0,13.21,0.03,0.34
1666054023,2022-10-17 17:47:02,21.81,20.63,13.21,0.03,0.35
1666054082,2022-10-17 17:48:02,21.75,21.25,13.22,0.03,0.36
1666054143,2022-10-17 17:49:02,21.62,21.25,13.22,0.03,0.37
1666054202,2022-10-17 17:50:02,21.56,21.88,13.22,0.03,0.38
1666054263,2022-10-17 17:51:02,21.5,21.25,13.22,0.03,0.37
1666054322,2022-10-17 17:52:02,21.44,18.75,13.19,0.03,0.33
1666054383,2022-10-17 17:53:02,21.31,16.25,13.18,0.02,0.29
1666054443,2022-10-17 17:54:03,21.25,15.63,13.17,0.02,0.26
1666054503,2022-10-17 17:55:02,21.19,14.38,13.16,0.02,0.24
1666054563,2022-10-17 17:56:03,21.06,13.75,13.16,0.02,0.23
1666054623,2022-10-17 17:57:02,21.0,13.13,13.16,0.02,0.22
1666054683,2022-10-17 17:58:02,20.94,12.5,13.15,0.02,0.21
1666054742,2022-10-17 17:59:02,20.88,11.88,13.15,0.01,0.2
1666054803,2022-10-17 18:00:02,20.81,11.88,13.14,0.01,0.19
1666054862,2022-10-17 18:01:02,20.69,10.63,13.14,0.01,0.18
1666054923,2022-10-17 18:02:02,20.62,10.63,13.14,0.01,0.17
1666054982,2022-10-17 18:03:02,20.5,10.63,13.13,0.01,0.15
1666055043,2022-10-17 18:04:02,20.5,10.0,13.13,0.01,0.14
1666055102,2022-10-17 18:05:02,20.38,9.38,13.12,0.01,0.14
1666055163,2022-10-17 18:06:02,20.38,8.75,13.12,0.01,0.12
1666055222,2022-10-17 18:07:02,20.25,8.13,13.12,0.01,0.12
1666055283,2022-10-17 18:08:02,20.19,8.13,13.11,0.01,0.11
1666055343,2022-10-17 18:09:03,20.12,7.5,13.11,0.01,0.1
1666055403,2022-10-17 18:10:02,20.06,6.88,13.11,0.01,0.1
1666055463,2022-10-17 18:11:02,20.0,6.88,13.1,0.01,0.09
1666055522,2022-10-17 18:12:02,19.94,6.25,13.1,0.01,0.08
1666055583,2022-10-17 18:13:02,19.88,6.25,13.1,0.01,0.07
1666055642,2022-10-17 18:14:02,19.81,5.63,13.09,0.0,0.07
1666055703,2022-10-17 18:15:02,19.75,5.63,13.09,0.0,0.06
1666055762,2022-10-17 18:16:02,19.69,5.0,13.08,0.0,0.05
1666055823,2022-10-17 18:17:02,19.62,4.38,13.08,0.0,0.04
1666055882,2022-10-17 18:18:02,19.56,4.38,13.06,0.0,0.03
1666055943,2022-10-17 18:19:02,19.5,3.13,13.05,0.0,0.02
1666056003,2022-10-17 18:20:02,19.44,2.5,13.03,0.0,0.01
1666056063,2022-10-17 18:21:03,19.38,2.5,12.99,0.0,0.0
1666056123,2022-10-17 18:22:02,19.31,1.88,12.85,0.0,0.0
1666056182,2022-10-17 18:23:02,19.31,1.88,12.66,-0.0,0.0
1666056243,2022-10-17 18:24:02,19.25,1.25,12.49,0.0,0.0
1666056302,2022-10-17 18:25:02,19.19,1.88,12.32,0.0,0.0
1666056363,2022-10-17 18:26:02,19.12,1.25,12.17,0.0,0.0
1666056422,2022-10-17 18:27:02,19.06,1.25,12.02,0.0,0.0
1666056483,2022-10-17 18:28:02,19.0,0.63,11.86,0.0,0.0
1666056542,2022-10-17 18:29:02,18.94,0.63,11.7,0.0,0.0
1666056603,2022-10-17 18:30:02,18.94,0.63,11.55,0.0,0.0
1666056662,2022-10-17 18:31:02,18.88,0.63,11.38,0.0,0.0
1666056723,2022-10-17 18:32:02,18.81,0.0,11.2,0.0,0.0
1666056782,2022-10-17 18:33:02,18.81,0.63,11.01,0.0,0.0
1666056843,2022-10-17 18:34:02,18.75,0.0,10.8,0.0,0.0
1666056902,2022-10-17 18:35:02,18.69,0.0,10.58,0.0,0.0
1666056963,2022-10-17 18:36:02,18.62,-0.63,10.34,-0.0,0.0
1666057022,2022-10-17 18:37:02,18.56,-0.63,10.09,0.0,0.0
1666057083,2022-10-17 18:38:02,18.56,0.0,9.8,-0.0,0.0
1666057142,2022-10-17 18:39:02,18.5,0.0,9.59,0.0,0.0
1666057203,2022-10-17 18:40:02,18.44,0.0,9.36,-0.0,0.0
1666057262,2022-10-17 18:41:02,18.44,0.0,8.94,-0.0,0.0
1666057323,2022-10-17 18:42:02,18.38,0.0,8.38,-0.0,0.0
1666057382,2022-10-17 18:43:02,18.31,0.0,7.84,-0.0,0.0
1666057443,2022-10-17 18:44:02,18.31,0.0,7.21,-0.0,0.0
1666057502,2022-10-17 18:45:02,18.25,0.0,6.53,-0.0,0.0
1666057563,2022-10-17 18:46:02,18.19,0.0,5.78,-0.0,0.0
1666057622,2022-10-17 18:47:02,18.19,0.0,5.06,-0.0,0.0
1666057683,2022-10-17 18:48:02,18.12,0.0,4.41,-0.0,0.0
1666057742,2022-10-17 18:49:02,18.12,0.0,3.74,-0.0,0.0
1666057803,2022-10-17 18:50:02,18.12,0.0,3.34,-0.0,0.0
1666057863,2022-10-17 18:51:02,18.06,0.0,3.17,-0.0,0.0
1666057923,2022-10-17 18:52:03,18.06,0.0,2.55,-0.0,0.0
1666057983,2022-10-17 18:53:02,18.0,0.0,2.08,-0.0,0.0
1666058042,2022-10-17 18:54:02,18.0,0.0,1.73,-0.0,0.0
1666058103,2022-10-17 18:55:02,17.94,0.0,1.42,-0.0,0.0
1666058162,2022-10-17 18:56:02,17.94,0.0,1.23,-0.0,0.0
1666058223,2022-10-17 18:57:02,17.88,0.0,1.14,-0.0,0.0
1666058282,2022-10-17 18:58:02,17.88,0.0,1.06,-0.0,0.0
1666058343,2022-10-17 18:59:02,17.88,0.0,0.99,-0.0,0.0
1666058402,2022-10-17 19:00:02,17.81,0.0,0.92,-0.0,0.0
1666058463,2022-10-17 19:01:02,17.75,0.0,0.86,-0.0,0.0
1666058522,2022-10-17 19:02:02,17.69,0.0,0.8,-0.0,0.0
1666058583,2022-10-17 19:03:02,17.69,0.0,0.75,-0.0,0.0
1666058642,2022-10-17 19:04:02,17.62,0.0,0.7,-0.0,0.0
1666058703,2022-10-17 19:05:02,17.62,0.0,0.66,-0.0,0.0
1666058762,2022-10-17 19:06:02,17.56,0.0,0.63,-0.0,0.0
1666058823,2022-10-17 19:07:02,17.56,0.0,0.6,-0.0,0.0
1666058882,2022-10-17 19:08:02,17.5,0.0,0.58,-0.0,0.0
1666058943,2022-10-17 19:09:02,17.44,0.0,0.56,-0.0,0.0
1666059002,2022-10-17 19:10:02,17.44,0.0,0.55,-0.0,0.0
1666059063,2022-10-17 19:11:02,17.38,0.0,0.54,-0.0,0.0
1666059122,2022-10-17 19:12:02,17.31,0.0,0.53,-0.0,0.0
1666059183,2022-10-17 19:13:02,17.31,0.0,0.52,-0.0,0.0
1666059242,2022-10-17 19:14:02,17.25,0.0,0.52,-0.0,0.0
1666059303,2022-10-17 19:15:02,17.25,0.0,0.51,-0.0,0.0
1666059362,2022-10-17 19:16:02,17.25,0.0,0.51,-0.0,0.0
1666059423,2022-10-17 19:17:02,17.19,0.0,0.51,-0.0,0.0
1666059482,2022-10-17 19:18:02,17.12,0.0,0.51,-0.0,0.0
1666059543,2022-10-17 19:19:02,17.12,0.0,0.51,-0.0,0.0
1666059602,2022-10-17 19:20:02,17.06,0.0,0.51,-0.0,0.0
1666059663,2022-10-17 19:21:02,17.06,0.0,0.51,-0.0,0.0
1666059722,2022-10-17 19:22:02,17.0,0.0,0.5,-0.0,0.0
1666059783,2022-10-17 19:23:02,16.94,0.0,0.5,-0.0,0.0
1666059842,2022-10-17 19:24:02,16.94,0.0,0.5,-0.0,0.0
1666059903,2022-10-17 19:25:02,16.88,0.0,0.5,-0.0,0.0
1666059962,2022-10-17 19:26:02,16.88,0.0,0.5,-0.0,0.0
1666060023,2022-10-17 19:27:02,16.81,0.0,0.5,-0.0,0.0
1666060082,2022-10-17 19:28:02,16.75,0.0,0.5,-0.0,0.0
1666060143,2022-10-17 19:29:02,16.69,0.0,0.5,-0.0,0.0
1666060202,2022-10-17 19:30:02,16.69,0.0,0.5,-0.0,0.0
1666060263,2022-10-17 19:31:02,16.62,0.0,0.5,-0.0,0.0
1666060322,2022-10-17 19:32:02,16.56,0.0,0.5,-0.0,0.0
1666060383,2022-10-17 19:33:02,16.56,0.0,0.5,-0.0,0.0
1666060442,2022-10-17 19:34:02,16.5,0.0,0.51,-0.0,0.0
1666060503,2022-10-17 19:35:02,16.5,0.0,0.51,-0.0,0.0
1666060562,2022-10-17 19:36:02,16.44,0.0,0.51,-0.0,0.0
1666060623,2022-10-17 19:37:02,16.38,0.0,0.52,-0.0,0.0
1666060683,2022-10-17 19:38:03,16.38,0.0,0.52,-0.0,0.0
1666060742,2022-10-17 19:39:02,16.31,0.0,0.52,-0.0,0.0
1666060803,2022-10-17 19:40:02,16.31,0.0,0.52,-0.0,0.0
1666060862,2022-10-17 19:41:02,16.25,0.0,0.52,-0.0,0.0
1666060923,2022-10-17 19:42:02,16.25,0.0,0.52,-0.0,0.0
1666060982,2022-10-17 19:43:02,16.19,0.0,0.52,-0.0,0.0
1666061043,2022-10-17 19:44:02,16.19,0.0,0.52,-0.0,0.0
1666061102,2022-10-17 19:45:02,16.19,0.0,0.52,-0.0,0.0
1666061163,2022-10-17 19:46:02,16.12,0.0,0.52,-0.0,0.0
1666061223,2022-10-17 19:47:02,16.12,0.0,0.52,-0.0,0.0
1666061282,2022-10-17 19:48:02,16.06,0.0,0.51,-0.0,0.0
1666061343,2022-10-17 19:49:02,16.06,0.0,0.51,-0.0,0.0
1666061402,2022-10-17 19:50:02,16.06,0.0,0.51,-0.0,0.0
1666061463,2022-10-17 19:51:02,16.0,0.0,0.52,-0.0,0.0
1666061522,2022-10-17 19:52:02,15.94,0.0,0.52,-0.0,0.0
1666061582,2022-10-17 19:53:02,15.94,0.0,0.52,-0.0,0.0
1666061643,2022-10-17 19:54:02,15.88,0.0,0.52,-0.0,0.0
1666061702,2022-10-17 19:55:02,15.88,0.0,0.52,-0.0,0.0
1666061763,2022-10-17 19:56:02,15.81,0.0,0.52,-0.0,0.0
1666061822,2022-10-17 19:57:02,15.75,0.0,0.52,-0.0,0.0
1666061883,2022-10-17 19:58:02,15.75,0.0,0.52,-0.0,0.0
1666061942,2022-10-17 19:59:02,15.75,0.0,0.52,-0.0,0.0
