timestamp,time,temperature,irradiance,voltage,current,power,temperature smoothed,irradiance smoothed,voltage smoothed,current smoothed,power smoothed,IAM factor,pvwatts power,computed power
1668006003,2022-11-09 07:00:02,3.06,11.25,12.46,0.02,0.23,3.08,17.29,13.66,0.02,0.31,0.25634992905629556,0.14,0.13
1668006063,2022-11-09 07:01:03,3.06,13.75,12.47,0.02,0.27,3.12,26.41,14.01,0.03,0.4,0.26955011201499446,0.22,0.2
1668006123,2022-11-09 07:02:02,3.12,26.88,16.04,0.03,0.43,3.17,36.0,14.03,0.04,0.51,0.2821005529843069,0.32,0.29
1668006183,2022-11-09 07:03:03,3.25,53.75,15.075,0.05,0.6849999999999999,3.26,50.38,14.41,0.05,0.67,0.29485245403863763,0.47,0.42
1668006243,2022-11-09 07:04:02,3.38,74.38,14.11,0.07,0.94,3.39,65.38,14.83,0.06,0.84,0.30697042298969224,0.63,0.57
1668006303,2022-11-09 07:05:03,3.5,83.13,14.34,0.07500000000000001,1.025,3.53,81.38,14.57,0.07,1.0,0.319277319154439,0.82,0.74
1668006363,2022-11-09 07:06:02,3.69,88.75,14.57,0.08,1.11,3.68,97.0,14.5,0.08,1.12,0.330967747395298,1.01,0.91
1668006423,2022-11-09 07:07:03,3.81,106.88,14.74,0.08,1.23,3.82,109.88,14.54,0.08,1.2,0.3428362847543536,1.19,1.07
1668006483,2022-11-09 07:08:02,4.0,131.88,14.76,0.09,1.31,3.99,119.88,14.66,0.09,1.28,0.3541068565346288,1.34,1.2
1668006543,2022-11-09 07:09:03,4.12,138.75,14.3,0.09,1.32,4.15,132.25,14.66,0.09,1.35,0.3655460804870154,1.52,1.37
1668006603,2022-11-09 07:10:02,4.31,133.13,14.92,0.1,1.42,4.32,146.13,14.99,0.1,1.44,0.3764064359933042,1.73,1.56
1668006663,2022-11-09 07:11:03,4.5,150.63,14.59,0.1,1.46,4.5,157.13,15.04,0.1,1.53,0.38742707674388993,1.91,1.72
1668006723,2022-11-09 07:12:02,4.69,176.26,16.36,0.1,1.71,4.7,168.63,15.18,0.11,1.64,0.39788820065359787,2.11,1.9
1668006782,2022-11-09 07:13:02,4.88,186.88,15.01,0.11,1.72,4.91,183.13,15.14,0.12,1.76,0.4083297616255621,2.35,2.11
1668006843,2022-11-09 07:14:02,5.12,196.26,15.0,0.13,1.89,5.09,196.01,15.25,0.13,1.94,0.4185758869971565,2.57,2.32
1668006902,2022-11-09 07:15:02,5.38,205.63,14.72,0.14,2.04,5.34,205.01,15.49,0.14,2.14,0.4286297186098738,2.76,2.48
1668006963,2022-11-09 07:16:02,5.38,215.01,15.17,0.15,2.35,5.6,212.26,15.81,0.15,2.36,0.43849446006999654,2.92,2.63
1668007022,2022-11-09 07:17:02,5.94,221.26,17.54,0.16,2.71,5.88,214.88,15.88,0.16,2.51,0.44817333490699085,3.02,2.71
1668007083,2022-11-09 07:18:02,6.19,223.13,16.6,0.17,2.79,6.14,214.63,16.42,0.16,2.64,0.457669581333267,3.07,2.77
1668007142,2022-11-09 07:19:02,6.5,209.38,15.36,0.17,2.67,6.44,213.26,16.57,0.16,2.73,0.46698644160031255,3.12,2.8
1668007203,2022-11-09 07:20:02,6.69,204.38,17.44,0.15,2.68,6.66,211.63,16.78,0.16,2.71,0.4761271530285947,3.15,2.84
1668007262,2022-11-09 07:21:02,6.88,208.13,15.92,0.17,2.79,6.88,208.63,16.53,0.16,2.72,0.48509494024081734,3.16,2.85
1668007323,2022-11-09 07:22:02,7.06,213.13,18.58,0.14,2.6,7.05,205.88,16.6,0.17,2.82,0.4938930085292024,3.18,2.86
1668007382,2022-11-09 07:23:02,7.25,208.13,15.34,0.18,2.84,7.23,200.38,16.05,0.18,2.93,0.5025245382938207,3.14,2.83
1668007443,2022-11-09 07:24:02,7.38,195.63,15.7,0.2,3.19,7.39,192.88,16.15,0.19,3.07,0.5109926801684349,3.08,2.77
1668007502,2022-11-09 07:25:02,7.56,176.88,14.72,0.22,3.21,7.54,192.26,15.83,0.21,3.27,0.5193005510630869,3.12,2.8
1668007563,2022-11-09 07:26:02,7.69,170.63,16.43,0.22,3.53,7.65,199.26,15.87,0.21,3.36,0.5274512361877361,3.28,2.95
1668007622,2022-11-09 07:27:02,7.81,210.01,16.94,0.21,3.56,7.75,204.88,16.06,0.21,3.36,0.5354477644735599,3.42,3.08
1668007683,2022-11-09 07:28:02,7.81,243.13,15.56,0.21,3.31,7.8,181.88,16.79,0.17,2.81,0.5432931391125694,3.08,2.77
1668007742,2022-11-09 07:29:02,7.88,223.76,16.65,0.19,3.19,7.81,153.63,16.43,0.14,2.22,0.5509903136198177,2.64,2.38
1668007803,2022-11-09 07:30:02,7.81,61.88,18.35,0.03,0.47,7.75,117.63,15.92,0.1,1.64,0.5585421959051801,2.05,1.84
1668007862,2022-11-09 07:31:02,7.75,29.38,14.66,0.04,0.59,7.65,75.38,15.64,0.07,1.11,0.5659516470792585,1.33,1.2
1668007923,2022-11-09 07:32:02,7.5,30.0,14.405000000000001,0.045,0.63,7.5,37.75,15.21,0.04,0.62,0.5732214805557705,0.68,0.61
1668007983,2022-11-09 07:33:03,7.31,31.88,14.15,0.05,0.67,7.32,33.13,14.52,0.05,0.68,0.580472199874972,0.6,0.54
1668008043,2022-11-09 07:34:02,7.12,35.63,14.504999999999999,0.05,0.72,7.14,41.13,14.99,0.05,0.77,0.5873533058970023,0.75,0.68
1668008103,2022-11-09 07:35:03,6.94,38.75,14.86,0.05,0.77,6.99,54.5,15.15,0.06,0.98,0.5943340426725324,1.01,0.91
1668008163,2022-11-09 07:36:02,6.81,69.38,17.03,0.06,1.07,6.87,83.88,15.42,0.09,1.42,0.6009592058077547,1.58,1.42
1668008223,2022-11-09 07:37:02,6.75,96.88,15.2,0.11,1.67,6.85,139.88,15.72,0.14,2.18,0.6075714528225333,2.66,2.39
1668008282,2022-11-09 07:38:02,6.75,178.76,15.51,0.18,2.86,6.92,188.01,16.21,0.17,2.84,0.6140599336703519,3.61,3.25
1668008343,2022-11-09 07:39:02,7.0,315.63,16.0,0.28,4.54,7.06,222.63,16.39,0.2,3.39,0.6204271244165255,4.31,3.88
1668008402,2022-11-09 07:40:02,7.31,279.38,17.29,0.23,4.04,7.26,255.88,16.74,0.23,3.94,0.6266754483590136,5.01,4.51
1668008463,2022-11-09 07:41:02,7.5,242.51,17.94,0.21,3.82,7.51,278.38,16.66,0.25,4.24,0.632807280993729,5.5,4.95
1668008522,2022-11-09 07:42:02,7.75,263.13,16.98,0.26,4.42,7.74,234.76,16.52,0.22,3.7,0.6388249505058732,4.68,4.21
1668008583,2022-11-09 07:43:02,8.0,291.26,15.09,0.29,4.4,7.89,210.13,16.36,0.21,3.45,0.6447307383197292,4.22,3.8
1668008642,2022-11-09 07:44:02,8.12,97.5,15.28,0.12,1.84,7.97,178.25,16.04,0.19,3.01,0.6505268797446223,3.61,3.25
1668008703,2022-11-09 07:45:02,8.06,156.25,16.52,0.17,2.76,8.02,172.25,15.69,0.18,2.85,0.6562155645534961,3.52,3.17
1668008762,2022-11-09 07:46:02,7.94,83.13,16.32,0.1,1.65,8.05,160.88,16.45,0.16,2.6,0.6617989377016853,3.32,2.99
1668008823,2022-11-09 07:47:02,8.0,233.13,15.22,0.24,3.62,8.09,201.88,16.54,0.18,2.95,0.6672791000133157,4.2,3.78
1668008882,2022-11-09 07:48:02,8.12,234.38,18.93,0.17,3.15,8.19,221.88,16.33,0.19,3.05,0.6726581124679156,4.65,4.19
1668008943,2022-11-09 07:49:02,8.31,302.51,15.73,0.23,3.55,8.34,277.51,16.79,0.22,3.59,0.6779379826136519,5.86,5.27
1668009002,2022-11-09 07:50:02,8.56,256.26,15.47,0.21,3.3,8.51,248.26,16.7,0.19,3.15,0.6831206868962832,5.28,4.75
1668009063,2022-11-09 07:51:02,8.69,361.26,18.61,0.23,4.34,8.65,270.38,16.35,0.21,3.45,0.6882081569596549,5.79,5.21
1668009123,2022-11-09 07:52:03,8.88,86.88,14.78,0.09,1.39,8.78,280.01,16.8,0.22,3.83,0.6932847388229958,6.04,5.44
1668009183,2022-11-09 07:53:02,8.81,345.01,17.18,0.27,4.66,8.88,301.76,17.19,0.25,4.41,0.6981049197140445,6.55,5.9
1668009243,2022-11-09 07:54:02,8.94,350.64,17.94,0.3,5.45,9.01,303.26,16.61,0.28,4.72,0.7029178767101483,6.63,5.97
1668009302,2022-11-09 07:55:02,9.06,365.01,17.46,0.34,6.19,9.19,356.14,17.27,0.32,5.64,0.707642929605333,7.84,7.05
1668009363,2022-11-09 07:56:02,9.38,368.76,15.69,0.38,5.92,9.44,356.26,17.45,0.33,5.88,0.7122818156255464,7.89,7.1
1668009422,2022-11-09 07:57:02,9.75,351.26,18.06,0.33,5.97,9.7,361.01,17.72,0.33,5.92,0.7168362353894902,8.04,7.23
1668009483,2022-11-09 07:58:02,10.06,345.64,18.12,0.32,5.87,10.0,364.26,17.34,0.35,5.93,0.7213078536468868,8.15,7.34
1668009542,2022-11-09 07:59:02,10.25,374.39,19.29,0.3,5.64,10.31,368.76,17.32,0.35,6.05,0.725698302969553,8.3,7.47
1668009603,2022-11-09 08:00:02,10.56,381.26,15.52,0.4,6.23,10.64,379.76,16.87,0.38,6.24,0.7300091727110326,8.59,7.73
1668009662,2022-11-09 08:01:02,10.94,391.26,15.61,0.42,6.52,10.98,394.64,16.43,0.4,6.52,0.7342420274245971,8.97,8.08
1668009723,2022-11-09 08:02:02,11.38,406.26,15.82,0.44,6.96,11.33,404.64,16.35,0.42,6.81,0.7383983957389906,9.25,8.32
1668009783,2022-11-09 08:03:03,11.75,420.01,15.9,0.46,7.27,11.69,413.89,17.12,0.4,6.68,0.7425471696919647,9.5,8.55
1668009842,2022-11-09 08:04:02,12.0,424.39,18.88,0.38,7.06,11.99,421.14,17.55,0.37,6.33,0.7464876271056625,9.71,8.74
1668009903,2022-11-09 08:05:02,12.38,427.51,19.4,0.29,5.59,12.19,423.01,17.61,0.33,5.75,0.7504233889148826,9.8,8.82
1668009962,2022-11-09 08:06:02,12.44,427.51,17.76,0.27,4.78,12.29,418.14,17.63,0.29,5.07,0.7542884631708971,9.74,8.76
1668010023,2022-11-09 08:07:02,12.38,415.64,16.09,0.25,4.07,12.33,397.51,17.42,0.26,4.49,0.758084224038268,9.3,8.37
1668010082,2022-11-09 08:08:02,12.25,395.64,16.0,0.24,3.87,12.31,356.26,16.75,0.25,4.13,0.7618120167618729,8.38,7.54
1668010143,2022-11-09 08:09:02,12.19,321.26,17.86,0.23,4.13,12.3,288.39,16.57,0.22,3.61,0.7654731583279949,6.82,6.13
1668010203,2022-11-09 08:10:03,12.31,221.26,16.02,0.24,3.82,12.25,220.76,16.57,0.19,3.17,0.7691283232383593,5.24,4.72
1668010263,2022-11-09 08:11:02,12.38,88.13,16.87,0.13,2.18,12.16,156.01,16.42,0.16,2.7,0.7726006205108992,3.72,3.35
1668010322,2022-11-09 08:12:02,12.12,77.5,16.075,0.115,1.855,12.0,117.5,15.97,0.16,2.5,0.7760694368038354,2.82,2.54
1668010383,2022-11-09 08:13:02,11.81,71.88,15.28,0.1,1.53,11.83,133.75,16.36,0.19,3.24,0.7794765992351103,3.22,2.9
1668010442,2022-11-09 08:14:02,11.38,128.75,15.6,0.2,3.12,11.7,169.38,16.51,0.23,3.9,0.7828232924477271,4.1,3.69
1668010503,2022-11-09 08:15:02,11.44,302.51,17.96,0.42,7.54,11.68,207.01,16.74,0.26,4.53,0.7861106763233999,5.03,4.53
1668010562,2022-11-09 08:16:02,11.75,266.26,17.62,0.31,5.44,11.74,236.13,16.82,0.31,5.22,0.7893398865560367,5.76,5.19
1668010623,2022-11-09 08:17:02,12.0,265.63,17.26,0.29,5.01,11.9,262.51,17.15,0.35,5.94,0.7925120351804703,6.43,5.79
1668010682,2022-11-09 08:18:02,12.12,217.51,15.67,0.32,5.0,12.1,268.01,16.63,0.35,5.72,0.7956282110910747,6.59,5.93
1668010743,2022-11-09 08:19:02,12.19,260.63,17.24,0.39,6.71,12.3,279.38,16.6,0.37,6.15,0.7986894805772486,6.89,6.2
1668010802,2022-11-09 08:20:02,12.44,330.01,15.38,0.42,6.42,12.51,284.76,16.85,0.4,6.81,0.8016968877900041,7.05,6.34
1668010863,2022-11-09 08:21:02,12.75,323.13,17.43,0.44,7.63,12.76,311.01,17.09,0.44,7.5,0.8046514552548129,7.72,6.95
1668010922,2022-11-09 08:22:02,13.06,292.51,18.53,0.45,8.28,13.08,333.38,17.38,0.45,7.86,0.807554186274785,8.3,7.47
1668010983,2022-11-09 08:23:02,13.38,348.76,16.88,0.51,8.48,13.41,342.51,17.46,0.48,8.25,0.8104060576415278,8.55,7.69
1668011042,2022-11-09 08:24:02,13.75,372.51,18.68,0.45,8.48,13.77,354.01,17.29,0.49,8.46,0.8132080317930354,8.86,7.97
1668011103,2022-11-09 08:25:02,14.12,375.64,15.76,0.53,8.39,14.15,372.64,17.44,0.49,8.38,0.8159610494082964,9.35,8.41
1668011162,2022-11-09 08:26:02,14.56,380.64,16.59,0.53,8.67,14.51,382.01,16.93,0.49,8.28,0.8186660318294879,9.61,8.65
1668011223,2022-11-09 08:27:02,14.94,385.64,19.27,0.41,7.9,14.87,387.01,16.54,0.51,8.37,0.8213238814839453,9.76,8.78
1668011282,2022-11-09 08:28:02,15.19,395.64,14.37,0.55,7.95,15.21,392.64,16.76,0.51,8.5,0.8239354822959603,9.92,8.93
1668011343,2022-11-09 08:29:02,15.56,397.51,16.69,0.54,8.93,15.52,398.39,16.63,0.52,8.56,0.8265017001140457,10.09,9.08
1668011403,2022-11-09 08:30:03,15.81,403.76,16.87,0.54,9.07,15.84,404.14,15.91,0.55,8.76,0.8290650383510217,10.26,9.24
1668011463,2022-11-09 08:31:02,16.12,409.39,15.96,0.56,8.93,16.16,408.26,16.27,0.56,9.0,0.831501362035763,10.39,9.35
1668011522,2022-11-09 08:32:02,16.5,414.39,15.64,0.57,8.93,16.5,411.51,16.17,0.56,9.05,0.8339364509016932,10.5,9.45
1668011583,2022-11-09 08:33:02,16.81,416.26,16.2,0.57,9.16,16.86,413.26,16.38,0.56,9.11,0.8363294486305846,10.56,9.51
1668011642,2022-11-09 08:34:02,17.25,413.76,16.16,0.57,9.18,17.21,414.39,16.41,0.56,9.18,0.8386811331988591,10.61,9.55
1668011703,2022-11-09 08:35:02,17.62,412.51,17.94,0.52,9.36,17.46,414.76,16.53,0.56,9.28,0.8409922715613039,10.65,9.58
1668011762,2022-11-09 08:36:02,17.88,415.01,16.12,0.57,9.27,17.66,415.39,16.63,0.56,9.38,0.8432636135679872,10.69,9.62
1668011823,2022-11-09 08:37:02,17.75,416.26,16.22,0.58,9.41,17.79,417.01,16.8,0.57,9.52,0.8454958939160011,10.75,9.68
1668011882,2022-11-09 08:38:02,17.81,419.39,16.7,0.58,9.66,17.84,419.26,16.5,0.58,9.62,0.8476898324754315,10.84,9.75
1668011943,2022-11-09 08:39:02,17.88,421.89,17.04,0.58,9.88,17.86,421.14,16.58,0.59,9.76,0.8498461346279219,10.91,9.82
1668012002,2022-11-09 08:40:02,17.88,423.76,16.44,0.6,9.88,17.91,423.14,16.51,0.59,9.88,0.8519654915565269,10.99,9.89
1668012063,2022-11-09 08:41:02,18.0,424.39,16.51,0.6,9.98,17.93,425.26,16.49,0.6,9.99,0.8540485805693344,11.07,9.97
1668012122,2022-11-09 08:42:02,18.0,426.26,15.88,0.61,10.01,17.96,427.14,16.15,0.61,9.97,0.8560960653955451,11.15,10.03
1668012183,2022-11-09 08:43:02,17.88,430.01,16.56,0.62,10.18,18.03,429.39,16.23,0.62,10.08,0.8581085964749923,11.23,10.11
1668012242,2022-11-09 08:44:02,18.06,431.26,15.34,0.64,9.79,18.11,432.01,16.27,0.62,10.19,0.8600868125744666,11.32,10.19
1668012303,2022-11-09 08:45:02,18.19,435.01,16.84,0.62,10.44,18.25,434.89,16.62,0.62,10.33,0.8620313357616358,11.42,10.28
1668012362,2022-11-09 08:46:02,18.44,437.51,16.75,0.63,10.52,18.45,437.51,16.67,0.63,10.43,0.8639427796520718,11.51,10.36
1668012423,2022-11-09 08:47:02,18.69,440.64,17.61,0.61,10.7,18.63,440.26,16.96,0.63,10.62,0.8658217443433673,11.6,10.44
1668012482,2022-11-09 08:48:02,18.88,443.14,16.81,0.64,10.7,18.8,442.76,16.97,0.63,10.71,0.8676688180106699,11.69,10.52
1668012543,2022-11-09 08:49:02,18.94,445.01,16.8,0.64,10.76,18.98,445.26,17.21,0.63,10.79,0.869484577174525,11.78,10.6
1668012602,2022-11-09 08:50:02,19.06,447.51,16.87,0.64,10.87,19.13,447.89,17.08,0.64,10.87,0.8712695869290008,11.87,10.68
1668012663,2022-11-09 08:51:02,19.31,450.01,17.98,0.61,10.94,19.27,450.89,17.2,0.64,10.97,0.8730244011987272,11.96,10.77
1668012723,2022-11-09 08:52:03,19.44,453.76,16.96,0.65,11.08,19.46,453.76,17.24,0.64,11.07,0.8747780673386053,12.06,10.85
1668012783,2022-11-09 08:53:02,19.62,458.14,17.38,0.66,11.21,19.63,456.76,17.48,0.64,11.16,0.8764456045314809,12.16,10.94
1668012843,2022-11-09 08:54:03,19.88,459.39,17.01,0.66,11.25,19.75,460.26,17.2,0.65,11.25,0.8781406000041897,12.27,11.04
1668012902,2022-11-09 08:55:02,19.88,462.51,18.06,0.61,11.3,19.86,463.64,17.19,0.66,11.34,0.8797524039943692,12.38,11.14
1668012963,2022-11-09 08:56:02,19.94,467.51,16.58,0.69,11.39,20.06,466.89,17.16,0.66,11.44,0.8813641760285211,12.49,11.24
1668013022,2022-11-09 08:57:02,20.0,470.64,16.915,0.685,11.555,20.25,470.39,17.23,0.67,11.56,0.8829488533126716,12.6,11.34
1668013083,2022-11-09 08:58:02,20.62,474.39,17.25,0.68,11.72,20.42,473.76,17.09,0.68,11.67,0.8845069189935727,12.7,11.43
1668013142,2022-11-09 08:59:02,20.81,476.89,17.32,0.68,11.81,20.6,476.64,17.24,0.68,11.79,0.8860388457159963,12.8,11.52
1668013203,2022-11-09 09:00:03,20.75,479.39,17.38,0.68,11.89,20.76,479.26,17.35,0.68,11.89,0.8875699860154997,12.89,11.6
1668013263,2022-11-09 09:01:02,20.81,481.89,17.35,0.69,11.98,20.8,481.89,17.57,0.68,11.93,0.8890261269058942,12.98,11.68
1668013322,2022-11-09 09:02:02,20.81,483.76,17.46,0.69,12.07,20.85,484.64,17.69,0.68,12.0,0.8904823812984219,13.07,11.76
1668013383,2022-11-09 09:03:02,20.81,487.51,18.33,0.67,11.9,20.95,487.51,17.75,0.69,12.09,0.8919142969490693,13.17,11.85
1668013443,2022-11-09 09:04:02,21.06,490.64,17.95,0.68,12.18,21.0,490.26,17.79,0.69,12.18,0.8933223022656565,13.26,11.93
1668013503,2022-11-09 09:05:03,21.25,493.77,17.64,0.7,12.33,21.01,492.77,17.91,0.69,12.21,0.8947296967358032,13.35,12.01
1668013563,2022-11-09 09:06:02,21.06,495.64,17.56,0.71,12.4,21.13,495.27,17.95,0.68,12.26,0.8960682541525864,13.43,12.09
1668013623,2022-11-09 09:07:02,20.88,496.27,18.049999999999997,0.6799999999999999,12.26,21.15,497.77,17.9,0.69,12.35,0.8974070175828167,13.52,12.17
1668013683,2022-11-09 09:08:03,21.38,500.02,18.54,0.65,12.12,21.18,500.27,17.93,0.69,12.44,0.8987452568113828,13.61,12.25
1668013743,2022-11-09 09:09:02,21.19,503.14,17.73,0.71,12.66,21.3,502.89,17.84,0.7,12.53,0.9000180969965569,13.69,12.32
1668013802,2022-11-09 09:10:02,21.38,506.27,17.76,0.72,12.78,21.45,505.64,17.91,0.7,12.59,0.9012911835298913,13.78,12.41
1668013863,2022-11-09 09:11:02,21.69,508.77,17.13,0.75,12.81,21.56,507.89,17.54,0.73,12.75,0.9025431353893459,13.86,12.47
1668013922,2022-11-09 09:12:02,21.62,510.02,18.38,0.68,12.58,21.74,510.27,17.2,0.74,12.74,0.9037743191440292,13.94,12.54
1668013983,2022-11-09 09:13:02,21.94,511.27,16.68,0.78,12.94,21.86,512.77,17.32,0.74,12.77,0.9049850943272149,14.02,12.62
1668014042,2022-11-09 09:14:02,22.06,515.02,16.06,0.78,12.59,21.96,515.39,17.21,0.75,12.82,0.9061758135882534,14.11,12.7
1668014103,2022-11-09 09:15:02,22.0,518.77,18.34,0.7,12.91,22.18,518.64,17.17,0.75,12.94,0.9073468228189793,14.21,12.79
1668014162,2022-11-09 09:16:02,22.19,521.89,16.6,0.79,13.1,22.43,522.64,17.32,0.75,13.04,0.9084984612996048,14.33,12.9
1668014223,2022-11-09 09:17:02,22.69,526.27,18.18,0.72,13.18,22.66,526.27,17.71,0.75,13.21,0.9096310618325791,14.44,12.99
1668014282,2022-11-09 09:18:02,23.19,531.27,17.42,0.77,13.41,23.03,529.64,17.65,0.76,13.32,0.9107449516034064,14.54,13.08
1668014343,2022-11-09 09:19:02,23.25,533.14,18.0,0.75,13.45,23.4,532.89,17.85,0.76,13.44,0.9118404493543221,14.63,13.17
1668014402,2022-11-09 09:20:02,23.81,535.64,18.04,0.75,13.48,23.7,535.77,17.84,0.76,13.53,0.9129178699700863,14.72,13.25
1668014463,2022-11-09 09:21:02,24.06,538.14,17.62,0.79,13.66,23.9,538.14,17.84,0.77,13.54,0.9139775216104812,14.79,13.31
1668014522,2022-11-09 09:22:02,24.19,540.64,18.14,0.75,13.64,24.19,540.64,17.88,0.76,13.56,0.9150197065811583,14.87,13.38
1668014583,2022-11-09 09:23:03,24.19,543.14,17.39,0.79,13.46,24.44,543.02,17.56,0.78,13.64,0.9160616611361851,14.94,13.45
1668014643,2022-11-09 09:24:02,24.69,545.64,18.21,0.74,13.56,24.68,545.52,17.3,0.79,13.69,0.9170528571625846,15.02,13.52
1668014703,2022-11-09 09:25:03,25.06,547.52,16.42,0.84,13.86,24.93,547.77,17.31,0.79,13.71,0.9180607857842632,15.09,13.58
1668014763,2022-11-09 09:26:02,25.25,550.64,16.33,0.84,13.94,25.15,550.02,17.22,0.8,13.84,0.9190196274629712,15.16,13.64
1668014822,2022-11-09 09:27:02,25.44,551.89,18.18,0.76,13.75,25.34,552.02,16.82,0.83,13.91,0.9199788168226934,15.22,13.7
1668014883,2022-11-09 09:28:02,25.31,554.39,16.95,0.83,14.09,25.51,554.14,16.72,0.83,13.91,0.9209222367836816,15.29,13.76
1668014942,2022-11-09 09:29:02,25.62,555.64,16.23,0.86,13.92,25.71,556.14,17.11,0.82,13.9,0.9218501524297907,15.36,13.82
1668015003,2022-11-09 09:30:02,25.94,558.14,15.91,0.87,13.83,25.89,558.27,16.91,0.83,13.98,0.9227628219912962,15.42,13.88
1668015062,2022-11-09 09:31:02,26.25,560.64,18.28,0.76,13.91,26.17,560.77,17.02,0.83,14.09,0.9236605006834807,15.5,13.95
1668015123,2022-11-09 09:32:02,26.31,562.52,17.16,0.82,14.14,26.41,563.27,16.92,0.84,14.11,0.9245434383014258,15.57,14.02
1668015182,2022-11-09 09:33:02,26.75,566.89,17.52,0.84,14.66,26.66,565.77,16.82,0.84,14.13,0.9254118799397422,15.65,14.08
1668015243,2022-11-09 09:34:02,26.81,568.14,15.72,0.89,14.01,26.86,568.27,16.54,0.87,14.3,0.9262660660908376,15.72,14.15
1668015302,2022-11-09 09:35:02,27.19,570.64,15.44,0.9,13.91,27.04,571.02,16.58,0.87,14.42,0.9271062327250661,15.81,14.23
1668015363,2022-11-09 09:36:02,27.25,573.14,16.87,0.88,14.78,27.01,573.02,16.64,0.87,14.43,0.9279326113851867,15.88,14.29
1668015422,2022-11-09 09:37:02,27.19,576.27,17.34,0.855,14.75,26.96,575.14,16.88,0.87,14.6,0.9287454292705036,15.95,14.36
1668015483,2022-11-09 09:38:02,26.62,576.89,17.81,0.83,14.72,26.82,577.27,17.12,0.87,14.8,0.9295449093198485,16.03,14.43
1668015542,2022-11-09 09:39:02,26.56,578.77,16.93,0.88,14.85,26.62,579.64,17.03,0.87,14.82,0.9303312702996172,16.12,14.51
1668015603,2022-11-09 09:40:02,26.5,581.27,16.66,0.89,14.88,26.51,581.77,17.1,0.87,14.9,0.931104726875667,16.19,14.57
1668015662,2022-11-09 09:41:02,26.25,585.02,16.42,0.91,14.91,26.54,584.27,17.03,0.88,15.0,0.9318654902037231,16.28,14.65
1668015723,2022-11-09 09:42:02,26.62,586.89,17.7,0.85,15.12,26.59,587.02,16.92,0.89,15.05,0.9326137659733625,16.36,14.73
1668015782,2022-11-09 09:43:02,26.75,589.39,17.42,0.88,15.24,26.7,589.52,16.77,0.9,15.05,0.933349757542561,16.44,14.8
1668015843,2022-11-09 09:44:02,26.81,592.52,16.39,0.92,15.1,26.82,591.77,17.19,0.88,14.98,0.9340736639683238,16.51,14.86
1668015902,2022-11-09 09:45:02,27.06,593.77,15.9,0.94,14.87,26.82,594.27,17.37,0.86,14.88,0.9347856805850673,16.6,14.94
1668015963,2022-11-09 09:46:02,26.88,596.27,18.53,0.79,14.59,26.69,596.77,17.38,0.87,14.97,0.9354859990808122,16.68,15.01
1668016022,2022-11-09 09:47:02,26.62,599.39,18.6,0.79,14.6,26.52,599.02,17.36,0.87,15.03,0.936174807565241,16.76,15.09
1668016083,2022-11-09 09:48:02,26.06,601.89,17.46,0.9,15.69,26.37,601.39,17.73,0.86,15.2,0.9368522906361396,16.85,15.16
1668016142,2022-11-09 09:49:02,26.0,603.77,16.29,0.95,15.42,26.16,604.02,17.5,0.89,15.47,0.9375186294508976,16.94,15.25
1668016203,2022-11-09 09:50:02,26.31,605.64,17.75,0.88,15.7,26.02,606.77,17.28,0.91,15.65,0.9381740017836313,17.04,15.33
1668016262,2022-11-09 09:51:02,25.81,609.39,17.42,0.91,15.92,26.1,609.89,17.2,0.92,15.77,0.9388185820942256,17.13,15.42
1668016323,2022-11-09 09:52:02,25.94,613.14,17.46,0.89,15.5,26.39,613.39,17.35,0.92,15.92,0.9394525420104306,17.23,15.51
1668016382,2022-11-09 09:53:02,26.44,617.52,17.07,0.95,16.29,26.79,617.64,17.15,0.93,16.04,0.9400760486946659,17.35,15.61
1668016443,2022-11-09 09:54:02,27.44,621.27,17.06,0.95,16.2,27.31,622.77,16.95,0.95,16.11,0.9406892674585695,17.48,15.73
1668016502,2022-11-09 09:55:02,28.31,626.89,16.73,0.97,16.28,27.88,628.14,17.22,0.93,16.01,0.9412923601070061,17.62,15.86
1668016563,2022-11-09 09:56:02,28.44,635.02,16.43,0.99,16.29,28.48,635.02,17.17,0.94,16.15,0.9418854854285402,17.8,16.02
1668016622,2022-11-09 09:57:02,28.75,640.02,18.8,0.8,15.01,28.9,642.39,17.13,0.96,16.34,0.9424687992501062,18.0,16.2
1668016683,2022-11-09 09:58:02,29.44,651.89,16.82,1.01,16.96,29.23,649.27,17.13,0.97,16.5,0.9430424544907748,18.19,16.37
1668016742,2022-11-09 09:59:02,29.56,658.15,16.87,1.02,17.18,29.59,653.65,17.39,0.96,16.63,0.9436066012195846,18.31,16.48
1668016803,2022-11-09 10:00:02,29.94,661.27,16.74,1.02,17.06,29.96,651.27,17.16,0.98,16.85,0.944161386701438,18.24,16.41
1668016862,2022-11-09 10:01:02,30.25,656.9,17.73,0.95,16.92,30.25,652.77,17.12,0.99,16.86,0.9447069554529757,18.28,16.45
1668016923,2022-11-09 10:02:03,30.62,628.14,17.66,0.91,16.12,30.58,646.02,17.18,0.97,16.68,0.9452523150759875,18.08,16.28
1668016983,2022-11-09 10:03:02,30.88,659.4,16.58,1.03,17.04,30.83,646.65,16.98,0.98,16.65,0.9457710077345756,18.1,16.29
1668017043,2022-11-09 10:04:03,31.19,624.39,17.19,0.95,16.27,31.06,650.27,16.56,1.01,16.65,0.9462983387967496,18.2,16.38
1668017103,2022-11-09 10:05:02,31.19,664.4,15.74,1.07,16.89,31.39,664.15,16.14,1.06,16.96,0.9467998603808686,18.59,16.73
1668017163,2022-11-09 10:06:03,31.44,675.02,15.64,1.1,16.93,31.76,678.65,15.92,1.09,17.23,0.9473097081824825,18.99,17.09
1668017223,2022-11-09 10:07:02,32.25,697.52,15.56,1.145,17.67,32.19,704.77,15.77,1.14,17.9,0.947794575899108,19.71,17.74
1668017283,2022-11-09 10:08:03,32.75,731.9,15.48,1.19,18.41,32.77,704.02,16.02,1.12,17.96,0.9482874651633268,19.67,17.7
1668017342,2022-11-09 10:09:02,33.31,755.02,16.44,1.18,19.6,33.26,662.4,16.22,1.05,16.99,0.9487561770141086,18.5,16.65
1668017403,2022-11-09 10:10:02,34.12,660.65,16.97,1.01,17.21,33.39,633.02,16.39,1.0,16.34,0.949224868840175,17.68,15.91
1668017462,2022-11-09 10:11:02,33.88,466.89,16.64,0.73,12.07,33.3,532.64,16.24,0.83,13.77,0.9496856484348785,14.89,13.4
1668017523,2022-11-09 10:12:02,32.88,550.64,16.43,0.88,14.43,32.95,444.64,15.78,0.7,11.32,0.9501386331665458,12.44,11.2
1668017582,2022-11-09 10:13:02,32.31,230.01,14.74,0.37,5.52,32.26,409.14,15.64,0.65,10.34,0.9505839381922383,11.47,10.33
1668017643,2022-11-09 10:14:02,31.56,315.01,14.11,0.52,7.39,31.53,346.01,15.55,0.55,8.62,0.9510216767867943,9.72,8.75
1668017702,2022-11-09 10:15:02,30.69,483.14,16.27,0.76,12.28,30.71,259.51,15.47,0.4,6.26,0.9514519592152166,7.31,6.58
1668017763,2022-11-09 10:16:02,30.19,151.25,16.19,0.21,3.47,29.85,235.38,15.69,0.36,5.64,0.9518748945261457,6.65,5.98
1668017822,2022-11-09 10:17:02,28.81,118.13,16.06,0.16,2.62,28.86,192.63,15.99,0.28,4.61,0.9522905894126508,5.45,4.91
1668017883,2022-11-09 10:18:02,28.0,109.38,15.829999999999998,0.15000000000000002,2.44,27.82,114.5,15.69,0.16,2.57,0.9526991485431756,3.25,2.93
1668017942,2022-11-09 10:19:02,26.62,101.25,15.6,0.14,2.26,26.77,100.25,15.56,0.14,2.23,0.9531006745958146,2.85,2.57
1668018003,2022-11-09 10:20:02,25.5,92.5,14.76,0.14,2.08,25.84,90.5,15.29,0.13,2.02,0.9534952682955823,2.58,2.33
1668018062,2022-11-09 10:21:02,24.94,80.0,15.56,0.11,1.77,24.91,81.13,15.18,0.12,1.8,0.9538830284434954,2.32,2.09
1668018123,2022-11-09 10:22:02,24.12,69.38,14.68,0.11,1.54,24.1,72.25,15.1,0.11,1.6,0.9542640519523937,2.07,1.87
1668018182,2022-11-09 10:23:02,23.38,62.5,15.32,0.09,1.35,23.34,64.63,15.13,0.09,1.42,0.9546384338783716,1.86,1.67
1668018243,2022-11-09 10:24:02,22.56,56.88,15.17,0.08,1.24,22.53,59.5,15.08,0.09,1.3,0.9550062674515182,1.71,1.54
1668018302,2022-11-09 10:25:02,21.69,54.38,14.9,0.08,1.18,21.75,56.63,15.21,0.08,1.23,0.9553676441094523,1.64,1.47
1668018363,2022-11-09 10:26:02,20.88,54.38,15.34,0.08,1.19,21.04,54.5,15.18,0.08,1.19,0.9557226537593766,1.58,1.42
1668018422,2022-11-09 10:27:02,20.25,55.0,15.33,0.08,1.19,20.36,53.5,15.05,0.08,1.17,0.9560713838622799,1.55,1.4
1668018483,2022-11-09 10:28:02,19.81,51.88,15.18,0.07,1.14,19.79,53.0,15.04,0.08,1.17,0.956413920889428,1.54,1.39
1668018542,2022-11-09 10:29:02,19.19,51.88,14.52,0.08,1.15,19.31,52.75,15.01,0.08,1.17,0.9567503493936073,1.53,1.38
1668018603,2022-11-09 10:30:03,18.81,51.88,14.84,0.08,1.17,18.96,52.25,15.0,0.08,1.16,0.9570862083794537,1.52,1.37
1668018663,2022-11-09 10:31:02,18.5,53.13,15.16,0.08,1.19,18.55,52.75,15.04,0.08,1.18,0.9574052108263496,1.54,1.38
1668018722,2022-11-09 10:32:02,18.5,52.5,15.32,0.08,1.16,18.19,61.38,15.3,0.09,1.4,0.9577238047184018,1.79,1.61
1668018783,2022-11-09 10:33:02,17.75,54.38,15.37,0.08,1.22,17.84,64.0,15.65,0.09,1.43,0.9580366120686865,1.87,1.68
1668018843,2022-11-09 10:34:02,17.38,95.0,15.83,0.14,2.25,17.5,66.0,15.7,0.09,1.48,0.9583437094445969,1.93,1.74
1668018903,2022-11-09 10:35:03,17.06,65.0,16.55,0.08,1.35,17.1,68.25,15.73,0.1,1.53,0.9586501491228765,2.0,1.8
1668018963,2022-11-09 10:36:02,16.81,63.13,15.43,0.09,1.4,16.81,72.0,15.74,0.1,1.63,0.9589410729697481,2.11,1.9
1668019022,2022-11-09 10:37:02,16.5,63.75,15.45,0.09,1.45,16.57,175.26,15.67,0.28,4.34,0.9592314849414776,5.14,4.63
1668019083,2022-11-09 10:38:03,16.31,73.13,15.45,0.11,1.69,16.57,310.64,15.8,0.5,8.18,0.9595211823977485,9.12,8.2
1668019143,2022-11-09 10:39:02,16.19,611.27,15.48,1.02,15.8,16.95,444.01,16.2,0.71,11.93,0.9597961216945202,13.02,11.72
1668019203,2022-11-09 10:40:03,17.06,741.9,17.19,1.19,20.56,17.74,576.14,16.78,0.91,15.73,0.9600750119827794,16.87,15.18
1668019262,2022-11-09 10:41:02,18.69,730.02,17.41,1.16,20.16,18.94,707.02,17.07,1.12,19.32,0.960339630406506,20.65,18.59
1668019323,2022-11-09 10:42:02,20.44,724.4,18.38,1.06,20.46,20.54,728.52,17.25,1.14,19.97,0.9606036269444992,21.21,19.09
1668019382,2022-11-09 10:43:02,22.31,727.52,16.9,1.16,19.61,22.25,727.4,17.16,1.14,19.78,0.960862537003022,21.1,18.99
1668019443,2022-11-09 10:44:02,24.19,718.77,16.35,1.15,19.04,23.91,726.9,17.08,1.14,19.66,0.9611164229756489,21.01,18.91
1668019502,2022-11-09 10:45:02,25.62,736.27,16.76,1.17,19.62,25.47,732.4,16.85,1.16,19.6,0.9613653459569269,21.1,18.99
1668019563,2022-11-09 10:46:02,27.0,727.52,17.02,1.15,19.56,26.79,741.52,16.98,1.13,19.18,0.9616093657589737,21.3,19.17
1668019623,2022-11-09 10:47:03,28.25,751.9,17.21,1.17,20.19,27.85,710.9,17.3,1.06,18.33,0.9618524866060324,20.38,18.34
1668019683,2022-11-09 10:48:02,28.88,773.15,17.565,1.0,17.485,28.76,629.64,17.13,0.94,16.1,0.9620829289398025,18.02,16.21
1668019743,2022-11-09 10:49:03,29.5,565.64,17.92,0.83,14.78,29.43,548.89,16.7,0.82,13.81,0.9623163733684275,15.68,14.12
1668019803,2022-11-09 10:50:02,30.19,330.01,15.92,0.55,8.5,29.8,463.01,16.45,0.69,11.42,0.9625375657912739,13.22,11.9
1668019862,2022-11-09 10:51:02,30.31,323.76,14.86,0.54,8.09,29.97,374.01,16.15,0.59,9.61,0.9627579233521892,10.68,9.61
1668019923,2022-11-09 10:52:02,30.12,322.51,15.98,0.52,8.27,29.89,395.51,15.52,0.65,9.98,0.9629737107411224,11.3,10.17
1668019982,2022-11-09 10:53:02,29.75,328.14,16.05,0.52,8.42,29.69,402.89,15.62,0.66,10.18,0.9631849793112232,11.52,10.36
1668020043,2022-11-09 10:54:02,29.06,673.15,14.8,1.12,16.6,29.42,396.39,15.98,0.64,10.04,0.9633917792743358,11.34,10.21
1668020103,2022-11-09 10:55:02,29.19,366.89,16.39,0.58,9.5,29.14,379.76,16.22,0.6,9.54,0.9635941597183436,10.87,9.79
1668020163,2022-11-09 10:56:03,29.0,291.26,16.66,0.44,7.39,28.74,416.76,16.89,0.6,9.94,0.9637954319827182,11.95,10.75
1668020223,2022-11-09 10:57:02,28.69,239.38,17.21,0.34,5.79,28.29,315.89,17.36,0.42,7.38,0.9639858528620572,9.07,8.16
1668020283,2022-11-09 10:58:03,27.75,513.14,19.38,0.54,10.4,27.69,269.51,17.27,0.35,6.11,0.9641783791163422,7.75,6.97
1668020343,2022-11-09 10:59:02,26.81,168.76,17.16,0.22,3.83,27.01,236.26,16.97,0.3,5.21,0.9643604296318036,6.8,6.12
1668020402,2022-11-09 11:00:02,26.19,135.0,15.96,0.2,3.15,26.29,211.26,16.69,0.26,4.58,0.9645414104548651,6.09,5.49
1668020463,2022-11-09 11:01:02,25.62,125.0,15.15,0.19,2.9,25.66,130.5,15.99,0.19,3.01,0.964718243486516,3.77,3.39
1668020522,2022-11-09 11:02:02,25.06,114.38,15.8,0.17,2.63,25.09,117.25,15.73,0.17,2.72,0.9648909703472246,3.39,3.05
1668020583,2022-11-09 11:03:02,24.62,109.38,15.9,0.16,2.53,24.46,109.0,15.72,0.16,2.53,0.9650596316450879,3.16,2.84
1668020642,2022-11-09 11:04:02,23.94,102.5,15.86,0.15,2.39,23.79,102.13,15.86,0.15,2.38,0.9652242669880806,2.97,2.67
1668020703,2022-11-09 11:05:03,23.06,93.75,15.88,0.14,2.22,23.09,99.0,15.61,0.15,2.32,0.9653875588842711,2.88,2.59
1668020763,2022-11-09 11:06:02,22.25,90.63,15.86,0.13,2.12,22.35,105.5,15.71,0.16,2.52,0.9655416133181433,3.07,2.77
1668020823,2022-11-09 11:07:03,21.56,98.75,14.56,0.16,2.36,21.74,115.25,15.93,0.17,2.78,0.9656969120921844,3.36,3.03
1668020883,2022-11-09 11:08:02,20.94,141.88,16.37,0.21,3.51,21.3,123.5,16.0,0.18,2.99,0.9658433066640807,3.61,3.25
1668020943,2022-11-09 11:09:03,20.88,151.25,16.99,0.22,3.68,20.98,136.5,16.13,0.2,3.33,0.9659907576857483,3.99,3.59
1668021003,2022-11-09 11:10:02,20.88,135.0,16.22,0.2,3.26,20.83,151.63,16.33,0.23,3.73,0.9661296291057281,4.44,3.99
1668021063,2022-11-09 11:11:03,20.62,155.63,16.51,0.23,3.82,20.79,152.25,16.25,0.24,3.84,0.9662693699314193,4.46,4.01
1668021122,2022-11-09 11:12:02,20.81,174.38,15.54,0.28,4.38,20.74,151.0,16.13,0.24,3.84,0.9664008479119596,4.42,3.98
1668021183,2022-11-09 11:13:02,20.75,145.0,15.969999999999999,0.255,4.04,20.76,277.63,16.16,0.46,7.36,0.9665308728722789,8.13,7.32
1668021242,2022-11-09 11:14:02,20.62,145.0,16.4,0.23,3.7,21.0,404.39,16.26,0.67,10.98,0.9666572155077449,11.84,10.65
1668021303,2022-11-09 11:15:02,21.0,768.15,16.37,1.28,20.88,21.36,530.64,16.83,0.85,14.53,0.9667799051684619,15.52,13.97
1668021362,2022-11-09 11:16:02,21.81,789.4,17.02,1.29,21.89,21.97,666.27,17.07,1.06,18.2,0.9668989703307027,19.46,17.52
1668021423,2022-11-09 11:17:02,22.62,805.65,18.38,1.2,22.14,22.95,807.65,16.99,1.3,21.98,0.9670144386064514,23.54,21.19
1668021482,2022-11-09 11:18:02,23.81,823.15,17.185,1.305,22.380000000000003,24.01,686.15,17.18,1.08,18.54,0.9671263367516582,19.95,17.96
1668021543,2022-11-09 11:19:02,25.5,851.9,15.99,1.41,22.62,24.97,588.52,16.94,0.92,15.73,0.96723469067415,17.08,15.37
1668021602,2022-11-09 11:20:02,26.31,160.63,17.33,0.21,3.68,25.85,449.51,16.18,0.72,11.83,0.9673395254422678,13.02,11.72
1668021663,2022-11-09 11:21:02,26.62,301.26,15.8,0.49,7.81,26.39,304.88,15.93,0.49,7.83,0.9674408652913218,8.82,7.94
1668021722,2022-11-09 11:22:02,27.0,110.63,14.61,0.18,2.67,26.49,153.63,15.67,0.24,3.77,0.9675387336961787,4.44,4.0
1668021783,2022-11-09 11:23:03,26.5,100.0,15.92,0.15,2.36,26.27,139.25,15.38,0.22,3.46,0.9676346976718916,4.03,3.63
1668021843,2022-11-09 11:24:02,26.0,95.63,14.71,0.16,2.34,25.85,96.13,15.17,0.15,2.32,0.9677241454046321,2.79,2.51
1668021903,2022-11-09 11:25:03,25.25,88.75,15.87,0.14,2.14,25.21,91.38,15.26,0.15,2.21,0.9678131625524623,2.65,2.39
1668021963,2022-11-09 11:26:02,24.5,85.63,14.74,0.14,2.07,24.5,89.13,15.2,0.14,2.16,0.9678959316815692,2.59,2.33
1668022023,2022-11-09 11:27:03,23.81,86.88,15.05,0.14,2.13,23.75,87.13,15.66,0.13,2.06,0.967978084039719,2.54,2.28
1668022083,2022-11-09 11:28:02,22.94,88.75,15.62,0.14,2.14,22.96,85.75,15.64,0.13,2.02,0.9680542507975938,2.5,2.25
1668022142,2022-11-09 11:29:02,22.25,85.63,17.01,0.11,1.82,22.2,86.0,15.96,0.13,2.01,0.9681284061842976,2.51,2.26
1668022203,2022-11-09 11:30:02,21.31,81.88,15.79,0.12,1.92,21.46,91.13,16.15,0.13,2.13,0.968199248440821,2.67,2.4
1668022262,2022-11-09 11:31:02,20.69,86.88,16.31,0.13,2.05,20.8,99.25,16.03,0.15,2.34,0.9682667938408617,2.91,2.62
1668022323,2022-11-09 11:32:02,20.12,112.5,16.04,0.17,2.74,20.25,107.88,15.68,0.17,2.61,0.9683310578929988,3.17,2.85
1668022382,2022-11-09 11:33:02,19.62,129.38,14.98,0.21,3.16,19.87,113.0,15.69,0.18,2.74,0.9683920553850052,3.32,2.99
1668022443,2022-11-09 11:34:02,19.5,128.75,15.28,0.21,3.17,19.59,116.13,15.4,0.18,2.82,0.9684498002267757,3.42,3.07
1668022502,2022-11-09 11:35:02,19.44,107.5,15.83,0.16,2.59,19.37,118.0,15.4,0.18,2.86,0.9685043057004455,3.47,3.13
1668022563,2022-11-09 11:36:02,19.25,102.5,14.85,0.16,2.44,19.36,124.0,15.88,0.19,2.99,0.9685555842975565,3.65,3.28
1668022622,2022-11-09 11:37:02,19.06,121.88,16.04,0.18,2.96,19.44,197.76,16.47,0.29,5.09,0.9686036477658017,5.82,5.24
1668022683,2022-11-09 11:38:02,19.56,159.38,17.41,0.22,3.81,19.65,220.88,16.44,0.33,5.7,0.9686485071120802,6.5,5.85
1668022742,2022-11-09 11:39:02,19.88,497.52,18.21,0.75,13.63,20.02,358.26,17.03,0.54,9.54,0.9686901726057767,10.53,9.48
1668022803,2022-11-09 11:40:02,20.5,223.13,15.67,0.36,5.66,20.66,489.02,17.25,0.76,13.22,0.9687286537822188,14.35,12.92
1668022862,2022-11-09 11:41:02,21.12,789.4,17.84,1.21,21.62,21.47,613.02,17.36,0.96,16.73,0.9687639594449887,17.96,16.16
1668022923,2022-11-09 11:42:02,22.25,775.65,17.14,1.25,21.38,22.51,671.65,17.27,1.05,18.08,0.968796097668902,19.63,17.67
1668022982,2022-11-09 11:43:02,23.62,779.4,17.93,1.21,21.36,23.77,789.65,17.76,1.22,21.26,0.96882507580239,23.02,20.71
1668023043,2022-11-09 11:44:02,25.06,790.65,17.78,1.22,20.36,25.15,796.4,17.59,1.24,21.38,0.9688509004858492,23.14,20.83
1668023102,2022-11-09 11:45:02,26.81,813.15,18.1,1.19,21.56,26.64,807.78,17.32,1.26,21.45,0.9688735775867047,23.39,21.05
1668023163,2022-11-09 11:46:02,28.0,823.15,17.02,1.31,22.23,28.15,824.15,17.04,1.27,21.35,0.9688931123047775,23.78,21.4
1668023223,2022-11-09 11:47:03,29.69,832.53,15.76,1.36,21.75,29.44,817.65,16.94,1.26,21.28,0.9689097558184269,23.52,21.17
1668023283,2022-11-09 11:48:02,31.19,861.28,16.525,1.26,20.869999999999997,30.4,730.77,16.63,1.13,18.89,0.9689227717252056,20.98,18.88
1668023343,2022-11-09 11:49:03,31.5,758.15,17.29,1.16,19.99,31.02,596.14,16.48,0.91,15.12,0.9689330455446202,17.09,15.38
1668023403,2022-11-09 11:50:02,31.62,378.76,16.55,0.58,9.61,31.0,456.01,16.42,0.68,11.37,0.9689399058430977,13.07,11.77
1668023463,2022-11-09 11:51:03,31.12,150.0,16.26,0.21,3.36,30.4,307.76,16.3,0.46,7.73,0.968943819350749,8.83,7.95
1668023523,2022-11-09 11:52:02,29.56,131.88,15.49,0.19,3.01,29.47,176.25,15.76,0.26,4.18,0.9689445303037735,5.07,4.56
1668023582,2022-11-09 11:53:02,28.19,120.0,15.91,0.17,2.68,28.31,121.63,15.42,0.18,2.72,0.9689421531756179,3.51,3.16
1668023643,2022-11-09 11:54:02,26.88,100.63,14.6,0.15,2.22,27.04,257.26,15.74,0.39,6.62,0.9689366493204674,7.44,6.7
1668023702,2022-11-09 11:55:02,25.81,105.63,14.82,0.16,2.35,26.04,321.26,16.14,0.49,8.4,0.968928017479533,9.32,8.38
1668023763,2022-11-09 11:56:02,24.75,828.15,17.88,1.28,22.84,25.36,437.51,16.99,0.56,10.03,0.9689162556704963,12.71,11.44
1668023822,2022-11-09 11:57:02,24.56,451.89,17.49,0.68,11.91,24.95,440.51,17.27,0.56,10.1,0.9689013612205205,12.81,11.53
1668023883,2022-11-09 11:58:02,24.81,701.27,20.14,0.54,10.81,24.72,576.89,17.67,0.79,13.91,0.9688833307181351,16.78,15.1
1668023942,2022-11-09 11:59:02,24.81,115.63,16.0,0.16,2.58,24.92,565.52,17.74,0.76,13.52,0.9688621600417217,16.44,14.8
1668024003,2022-11-09 12:00:02,24.69,787.52,16.85,1.27,21.41,25.4,628.52,17.58,0.87,15.27,0.9688378443512697,18.25,16.43
1668024062,2022-11-09 12:01:02,25.75,771.27,18.22,1.15,20.91,26.03,640.89,17.1,0.98,16.95,0.9688103780871519,18.58,16.72
1668024123,2022-11-09 12:02:02,26.94,766.9,16.71,1.23,20.63,26.89,770.27,17.23,1.19,20.51,0.968779754968333,22.29,20.06
1668024182,2022-11-09 12:03:02,27.94,763.15,17.71,1.09,19.24,27.97,766.27,17.5,1.15,20.1,0.9687459679904921,22.12,19.91
1668024243,2022-11-09 12:04:02,29.12,762.52,16.65,1.22,20.36,29.06,764.77,17.35,1.15,19.95,0.9687090094240315,22.02,19.82
1668024302,2022-11-09 12:05:02,30.12,767.52,18.22,1.06,19.36,30.04,767.15,17.2,1.16,19.88,0.9686688708114537,22.04,19.83
1668024363,2022-11-09 12:06:02,31.19,763.77,17.48,1.15,20.15,30.89,771.02,17.62,1.05,18.16,0.9686255429652384,22.1,19.89
1668024422,2022-11-09 12:07:02,31.81,778.77,15.94,1.27,20.27,31.59,649.52,17.58,0.85,14.78,0.9685790159325667,18.59,16.73
1668024483,2022-11-09 12:08:02,32.19,782.52,19.8,0.54,10.66,32.07,654.64,17.17,0.89,15.02,0.9685292791193254,18.71,16.84
1668024543,2022-11-09 12:09:03,32.62,155.0,16.44,0.21,3.45,32.35,614.27,16.76,0.84,13.82,0.9684754111121289,17.55,15.79
1668024603,2022-11-09 12:10:02,32.56,793.15,16.18,1.27,20.58,32.54,609.27,16.74,0.83,13.66,0.9684201297357086,17.39,15.65
1668024662,2022-11-09 12:11:02,32.56,561.89,15.46,0.92,14.16,32.7,608.14,16.04,0.98,15.62,0.9683606921425895,17.35,15.62
1668024723,2022-11-09 12:12:03,32.75,753.77,15.8,1.23,19.47,32.77,735.4,16.29,1.16,18.99,0.968296922034989,20.98,18.88
1668024783,2022-11-09 12:13:02,33.0,776.9,16.33,1.25,20.42,33.02,735.65,16.19,1.17,18.89,0.9682320229771882,20.97,18.88
1668024842,2022-11-09 12:14:02,33.0,791.27,17.66,1.15,20.32,33.27,781.27,16.59,1.21,20.11,0.9681627618691298,22.26,20.03
1668024903,2022-11-09 12:15:02,33.81,794.4,15.68,1.28,20.07,33.81,786.65,16.75,1.21,20.22,0.9680901954512826,22.38,20.15
1668024963,2022-11-09 12:16:02,33.81,790.02,17.47,1.16,20.29,34.22,785.15,16.75,1.21,20.15,0.9680143070456443,22.32,20.09
1668025023,2022-11-09 12:17:03,35.44,780.65,16.59,1.23,19.99,34.5,781.77,16.45,1.23,20.12,0.9679337302949126,22.21,19.98
1668025083,2022-11-09 12:18:02,35.06,769.4,16.365000000000002,1.24,20.075,34.68,778.9,16.43,1.23,20.1,0.9678524936322561,22.11,19.9
1668025142,2022-11-09 12:19:02,34.38,774.4,16.14,1.25,20.16,34.86,777.9,16.2,1.25,20.08,0.9677665314369548,22.07,19.87
1668025203,2022-11-09 12:20:02,34.69,780.02,15.6,1.28,19.98,34.8,779.77,16.16,1.26,20.23,0.967677172758522,22.13,19.91
1668025263,2022-11-09 12:21:02,34.75,785.02,16.32,1.27,20.19,34.96,787.77,16.33,1.26,20.41,0.9675843969995711,22.34,20.11
1668025323,2022-11-09 12:22:03,35.12,790.02,16.35,1.27,20.73,35.3,673.02,16.43,1.06,17.29,0.9674865499422143,19.07,17.16
1668025383,2022-11-09 12:23:02,35.88,809.4,17.24,1.22,21.01,35.47,549.76,16.61,0.85,14.02,0.9673885078354566,15.57,14.01
1668025443,2022-11-09 12:24:03,36.06,200.63,16.62,0.27,4.54,35.22,529.39,16.81,0.81,13.6,0.9672836002505564,15.0,13.5
1668025503,2022-11-09 12:25:02,35.56,163.75,16.54,0.22,3.62,34.72,497.64,16.88,0.75,12.8,0.9671786830142867,14.12,12.7
1668025562,2022-11-09 12:26:02,33.5,683.15,17.28,1.05,18.09,34.07,374.64,16.78,0.56,9.48,0.9670684846018991,10.64,9.58
1668025623,2022-11-09 12:27:02,32.62,631.27,16.71,1.0,16.72,33.4,501.77,16.81,0.77,13.01,0.9669547284548661,14.27,12.85
1668025682,2022-11-09 12:28:02,32.62,194.38,16.74,0.27,4.43,32.86,569.77,17.06,0.87,14.8,0.9668373882197129,16.23,14.6
1668025743,2022-11-09 12:29:02,32.69,836.28,16.76,1.32,22.2,32.74,600.9,17.17,0.9,15.54,0.9667164366086163,17.12,15.41
1668025802,2022-11-09 12:30:02,32.88,503.77,17.8,0.71,12.57,32.85,604.4,17.33,0.9,15.61,0.9665918457170577,17.21,15.49
1668025863,2022-11-09 12:31:02,32.88,838.78,17.83,1.22,21.76,33.17,732.78,17.21,1.12,19.13,0.9664635865300342,20.85,18.76
1668025922,2022-11-09 12:32:02,33.19,648.77,17.52,0.98,17.1,33.57,711.4,17.06,1.09,18.51,0.966331629234297,20.22,18.2
1668025983,2022-11-09 12:33:02,34.19,836.28,16.14,1.37,22.03,33.89,670.15,16.49,1.05,17.47,0.9661959431296011,19.03,17.12
1668026042,2022-11-09 12:34:02,34.69,729.4,15.99,1.19,19.07,34.31,671.4,16.29,1.07,17.58,0.9660564966195686,19.04,17.14
1668026103,2022-11-09 12:35:02,34.5,297.51,14.95,0.49,7.41,34.89,706.27,16.13,1.14,18.55,0.9659132572009969,20.0,18.0
1668026162,2022-11-09 12:36:02,35.0,845.03,16.86,1.32,22.3,35.35,703.27,16.15,1.12,18.41,0.9657661914554425,19.89,17.9
1668026223,2022-11-09 12:37:02,36.06,823.15,16.7,1.31,21.96,35.86,719.02,16.1,1.15,18.72,0.9656152650379585,20.31,18.28
1668026282,2022-11-09 12:38:02,36.5,821.28,16.23,1.31,21.295,36.44,818.28,16.5,1.3,21.41,0.9654604426668053,23.08,20.77
1668026343,2022-11-09 12:39:02,37.25,808.15,15.76,1.31,20.63,36.74,807.9,16.28,1.29,20.99,0.9653016881129038,22.76,20.49
1668026402,2022-11-09 12:40:02,37.38,793.77,16.93,1.23,20.87,36.85,802.77,16.32,1.27,20.72,0.9651389641875109,22.61,20.35
1668026463,2022-11-09 12:41:03,36.5,793.15,15.76,1.28,20.18,36.86,665.77,16.33,1.04,17.01,0.9649694196026994,18.75,16.87
1668026523,2022-11-09 12:42:02,36.62,797.52,16.94,1.22,20.61,36.49,528.51,16.19,0.82,13.43,0.9648014544916503,14.89,13.4
1668026583,2022-11-09 12:43:03,36.56,136.25,16.27,0.17,2.76,35.86,446.51,16.2,0.69,11.19,0.9646236403026057,12.6,11.34
1668026643,2022-11-09 12:44:02,35.38,121.88,15.03,0.18,2.71,35.06,370.38,16.43,0.55,9.27,0.9644475966820582,10.47,9.42
1668026703,2022-11-09 12:45:02,34.25,383.76,16.99,0.58,9.69,33.94,260.01,16.39,0.38,6.34,0.9642644336986435,7.37,6.63
1668026762,2022-11-09 12:46:02,32.5,412.51,16.93,0.62,10.57,32.59,280.13,16.66,0.41,6.9,0.9640770574169907,7.96,7.16
1668026823,2022-11-09 12:47:02,31.0,245.63,16.74,0.36,5.97,31.44,412.89,16.9,0.63,10.51,0.963885423598865,11.76,10.59
1668026883,2022-11-09 12:48:02,29.81,236.88,17.59,0.32,5.56,30.55,490.64,16.84,0.76,12.69,0.9636894869465691,14.0,12.6
1668026943,2022-11-09 12:49:03,29.62,785.65,16.25,1.28,20.75,30.14,559.64,16.76,0.88,14.6,0.9634858258932416,15.98,14.39
1668027003,2022-11-09 12:50:02,29.81,772.52,16.67,1.24,20.62,30.05,659.14,16.63,1.05,17.29,0.9632845185668183,18.83,16.94
1668027062,2022-11-09 12:51:02,30.44,757.52,16.56,1.22,20.11,30.35,759.77,16.63,1.22,19.93,0.9630753908176183,21.68,19.51
1668027123,2022-11-09 12:52:03,30.56,743.15,16.06,1.21,19.39,30.8,753.15,16.83,1.19,19.72,0.96285816928887,21.47,19.32
1668027183,2022-11-09 12:53:02,31.31,740.02,17.59,1.13,18.76,31.19,751.15,16.85,1.18,19.54,0.9626435996370232,21.38,19.25
1668027243,2022-11-09 12:54:03,31.88,752.52,17.26,1.14,19.7,31.56,755.65,17.04,1.16,19.55,0.9624170815725267,21.49,19.34
1668027303,2022-11-09 12:55:02,31.75,762.52,16.8,1.18,19.74,32.13,758.65,17.23,1.15,19.56,0.962193416697768,21.54,19.39
1668027362,2022-11-09 12:56:02,32.31,780.02,17.48,1.15,20.18,32.66,765.02,17.21,1.14,19.63,0.9619612946973816,21.69,19.52
1668027423,2022-11-09 12:57:03,33.38,758.15,17.03,1.14,19.42,33.21,768.15,17.33,1.12,19.45,0.961720423384773,21.74,19.57
1668027483,2022-11-09 12:58:02,34.0,771.9,17.46,1.095,19.11,33.81,771.15,17.53,1.1,19.33,0.9614827120624996,21.79,19.61
1668027542,2022-11-09 12:59:02,34.62,768.15,17.89,1.05,18.8,34.33,650.65,17.35,0.92,16.1,0.9612361367364899,18.36,16.52
1668027603,2022-11-09 13:00:02,34.75,777.52,17.77,1.08,19.14,34.5,546.27,17.37,0.76,13.34,0.9609846268674613,15.4,13.86
1668027663,2022-11-09 13:01:02,34.88,177.51,16.61,0.24,4.04,34.49,548.02,17.32,0.75,13.1,0.9607281219656257,15.45,13.91
1668027722,2022-11-09 13:02:02,34.25,236.26,17.13,0.33,5.63,34.39,482.52,17.1,0.66,11.36,0.9604665602512166,13.6,12.24
1668027783,2022-11-09 13:03:02,33.94,780.65,17.21,1.04,17.87,34.04,354.14,16.81,0.48,8.14,0.9601998784524182,9.99,8.99
1668027842,2022-11-09 13:04:02,34.12,440.64,16.76,0.6,10.14,33.41,475.77,17.06,0.63,10.87,0.959928012504478,13.44,12.09
1668027902,2022-11-09 13:05:02,33.0,135.63,16.36,0.18,3.02,32.94,583.39,17.42,0.74,13.07,0.9596508964567464,16.49,14.84
1668027963,2022-11-09 13:06:02,31.75,785.65,17.85,0.99,17.69,32.69,580.02,17.82,0.68,12.33,0.9593684631614228,16.4,14.76
1668028022,2022-11-09 13:07:02,31.88,774.4,18.92,0.88,16.64,32.53,644.02,18.1,0.73,13.52,0.9590806440780315,18.21,16.39
1668028083,2022-11-09 13:08:02,32.69,763.77,19.19,0.74,14.17,32.64,766.9,18.58,0.86,15.98,0.9587873692493862,21.67,19.5
1668028143,2022-11-09 13:09:03,33.31,760.65,18.17,0.88,16.07,32.88,643.89,18.12,0.71,13.23,0.9584835400338704,18.18,16.36
1668028203,2022-11-09 13:10:02,33.56,750.02,18.79,0.82,15.35,32.94,524.27,17.65,0.59,10.7,0.9581841653117543,14.8,13.32
1668028263,2022-11-09 13:11:03,32.94,170.63,15.54,0.25,3.93,32.78,409.64,16.78,0.49,8.66,0.9578688725874616,11.56,10.4
1668028323,2022-11-09 13:12:02,32.19,176.26,16.55,0.24,3.99,32.33,279.38,16.14,0.35,5.95,0.957558262498871,7.89,7.1
1668028383,2022-11-09 13:13:03,31.88,190.63,14.86,0.27,3.96,31.55,151.88,15.59,0.22,3.41,0.9572311975069907,4.3,3.87
1668028443,2022-11-09 13:14:02,31.06,109.38,14.98,0.17,2.54,30.6,138.75,15.7,0.2,3.11,0.9569090475897113,3.93,3.54
1668028503,2022-11-09 13:15:03,29.69,112.5,16.0,0.16,2.61,29.55,126.88,15.4,0.19,2.87,0.9565698896411249,3.6,3.24
1668028563,2022-11-09 13:16:02,28.19,105.0,16.09,0.15,2.43,28.41,187.63,15.81,0.23,3.78,0.9562358830740988,5.34,4.81
1668028623,2022-11-09 13:17:03,26.94,116.88,15.06,0.19,2.8,27.46,310.26,16.58,0.35,6.13,0.9558842978377139,8.85,7.96
1668028683,2022-11-09 13:18:02,26.19,494.39,16.94,0.475,8.53,26.79,432.14,17.24,0.46,8.35,0.9555381050148284,12.34,11.1
1668028743,2022-11-09 13:19:03,26.31,722.52,18.82,0.76,14.26,26.74,487.52,17.66,0.51,9.37,0.955173744940319,13.91,12.52
1668028803,2022-11-09 13:20:02,26.31,721.9,19.29,0.71,13.71,26.99,485.64,17.7,0.5,9.29,0.954815023047686,13.85,12.46
1668028862,2022-11-09 13:21:02,27.94,381.89,18.18,0.42,7.57,27.26,406.26,17.46,0.44,8.01,0.95444376985157,11.57,10.41
1668028923,2022-11-09 13:22:02,28.19,107.5,15.25,0.16,2.38,27.44,303.51,17.38,0.33,5.96,0.9540659192571006,8.64,7.77
1668028983,2022-11-09 13:23:02,27.56,97.5,15.75,0.13,2.12,27.54,185.76,16.77,0.22,3.85,0.9536813770654242,5.28,4.76
1668029043,2022-11-09 13:24:03,27.19,208.76,18.41,0.22,4.04,27.26,252.38,16.96,0.27,4.9,0.9532834667809725,7.18,6.46
1668029103,2022-11-09 13:25:02,26.81,133.13,16.26,0.19,3.12,27.01,372.14,17.83,0.37,6.91,0.9528918318528552,10.59,9.53
1668029162,2022-11-09 13:26:02,26.56,715.02,19.14,0.67,12.84,27.02,492.52,18.43,0.47,8.83,0.9524866308203039,14.01,12.61
1668029223,2022-11-09 13:27:03,26.94,706.27,19.6,0.63,12.41,27.27,591.27,18.58,0.55,10.4,0.9520674108609922,16.8,15.12
1668029283,2022-11-09 13:28:02,27.62,699.4,18.72,0.63,11.76,27.72,596.64,18.36,0.55,10.4,0.9516548641484518,16.93,15.23
1668029342,2022-11-09 13:29:02,28.44,702.52,19.18,0.62,11.88,28.16,477.51,17.66,0.45,8.36,0.9512280887607361,13.53,12.17
1668029403,2022-11-09 13:30:02,29.06,160.0,15.18,0.2,3.1,28.34,364.14,16.97,0.36,6.51,0.9507939089704294,10.31,9.28
1668029462,2022-11-09 13:31:02,28.75,119.38,15.62,0.17,2.67,28.24,251.63,16.47,0.28,4.8,0.9503522149082192,7.12,6.41
1668029523,2022-11-09 13:32:02,27.81,139.38,16.17,0.2,3.16,27.84,133.88,15.87,0.19,2.93,0.9499028945901571,3.79,3.41
1668029582,2022-11-09 13:33:02,27.12,136.88,16.18,0.2,3.17,27.21,234.38,16.53,0.25,4.29,0.9494458338766961,6.64,5.98
1668029643,2022-11-09 13:34:02,26.44,113.75,16.2,0.16,2.57,26.7,343.64,17.19,0.32,5.73,0.948980916434883,9.74,8.77
1668029702,2022-11-09 13:35:02,25.94,662.52,18.46,0.54,9.88,26.41,334.01,16.97,0.31,5.51,0.9485080236998613,9.47,8.53
1668029763,2022-11-09 13:36:02,26.19,665.65,18.96,0.52,9.85,26.18,323.51,16.91,0.3,5.24,0.9480270348310832,9.18,8.26
1668029822,2022-11-09 13:37:02,26.38,91.25,15.06,0.14,2.07,25.98,318.26,16.77,0.29,5.15,0.9475378263455914,9.03,8.12
1668029883,2022-11-09 13:38:02,25.94,84.38,15.86,0.12,1.85,25.67,205.88,16.12,0.21,3.63,0.9470402733902572,5.84,5.26
1668029942,2022-11-09 13:39:02,25.44,87.5,15.535,0.135,2.08,25.22,190.88,16.31,0.2,3.46,0.9465342477315543,5.42,4.88
1668030003,2022-11-09 13:40:02,24.38,100.63,15.21,0.15,2.31,24.8,290.01,17.22,0.26,4.8,0.9460196190192695,8.23,7.41
1668030062,2022-11-09 13:41:02,23.94,590.64,19.87,0.45,8.97,24.64,339.01,17.77,0.29,5.47,0.945496254412634,9.62,8.66
1668030123,2022-11-09 13:42:02,24.31,586.89,19.6,0.45,8.8,24.71,430.89,18.49,0.35,6.64,0.9449640185403186,12.22,11.0
1668030182,2022-11-09 13:43:02,25.12,329.39,18.64,0.28,5.17,25.11,535.39,19.41,0.41,7.94,0.9444227734499051,15.17,13.65
1668030243,2022-11-09 13:44:02,25.81,546.89,19.15,0.42,7.96,25.75,530.52,19.26,0.41,7.86,0.9438723785611428,15.0,13.5
1668030302,2022-11-09 13:45:02,26.38,623.14,19.77,0.45,8.81,26.46,480.02,19.04,0.38,7.21,0.943312690618204,13.54,12.18
1668030363,2022-11-09 13:46:02,27.12,566.27,19.15,0.45,8.57,27.08,542.64,19.14,0.42,8.1,0.9427435636357709,15.27,13.75
1668030422,2022-11-09 13:47:02,27.88,334.39,18.49,0.3,5.56,27.69,559.39,19.2,0.43,8.33,0.9421648488543811,15.71,14.14
1668030483,2022-11-09 13:48:02,28.19,642.52,19.14,0.5,9.6,28.39,561.77,19.13,0.44,8.34,0.9415763942864092,15.74,14.17
1668030542,2022-11-09 13:49:02,28.88,630.64,19.46,0.47,9.13,29.08,570.39,19.14,0.43,8.33,0.9409780462490003,15.95,14.36
1668030603,2022-11-09 13:50:02,29.88,635.02,19.41,0.46,8.85,29.74,624.77,19.06,0.46,8.81,0.9403696469434663,17.43,15.69
1668030662,2022-11-09 13:51:02,30.56,609.39,19.2,0.44,8.52,30.41,616.77,18.79,0.45,8.47,0.9397510359671607,17.17,15.45
1668030723,2022-11-09 13:52:02,31.19,606.27,18.11,0.44,7.97,31.03,610.27,18.53,0.44,8.25,0.9391220498723579,16.96,15.26
1668030782,2022-11-09 13:53:02,31.56,602.52,17.76,0.44,7.9,31.54,605.02,18.5,0.44,8.1,0.9384825221027044,16.78,15.1
1668030843,2022-11-09 13:54:02,31.94,598.14,18.17,0.44,8.03,31.99,500.52,17.74,0.37,6.73,0.9378322829401073,13.86,12.47
1668030902,2022-11-09 13:55:02,32.44,608.77,19.27,0.42,8.09,32.31,401.01,17.5,0.3,5.51,0.937171159438516,11.08,9.98
1668030963,2022-11-09 13:56:02,32.81,86.88,15.4,0.11,1.67,32.21,295.88,17.01,0.24,4.24,0.9364989753620407,8.17,7.36
1668031022,2022-11-09 13:57:02,32.81,108.75,16.88,0.11,1.84,31.76,190.38,16.48,0.17,2.92,0.9358155511282109,5.26,4.74
1668031083,2022-11-09 13:58:02,31.06,76.88,15.35,0.1,1.55,30.84,81.75,15.7,0.1,1.59,0.9351207037387897,2.26,2.04
1668031142,2022-11-09 13:59:02,29.69,70.63,15.48,0.09,1.43,29.51,78.38,15.68,0.1,1.56,0.9344142462374928,2.17,1.96
1668031203,2022-11-09 14:00:02,27.81,65.63,15.385,0.095,1.4649999999999999,28.0,70.25,15.38,0.1,1.48,0.9336959895469704,1.95,1.76
1668031262,2022-11-09 14:01:02,26.19,70.0,15.29,0.1,1.5,26.7,67.25,15.35,0.1,1.48,0.9329657395525812,1.87,1.69
1668031323,2022-11-09 14:02:02,25.25,68.13,15.38,0.1,1.47,25.45,67.0,15.27,0.1,1.5,0.9322232989272934,1.87,1.68
1668031383,2022-11-09 14:03:03,24.56,61.88,15.23,0.1,1.51,24.43,67.25,15.27,0.1,1.5,0.9314557799673655,1.88,1.69
1668031442,2022-11-09 14:04:02,23.44,69.38,15.08,0.1,1.55,23.56,67.75,15.34,0.1,1.52,0.9307010376083525,1.9,1.71
1668031503,2022-11-09 14:05:02,22.69,66.88,15.36,0.1,1.47,22.8,68.0,15.58,0.1,1.5,0.9299208031759506,1.91,1.72
1668031562,2022-11-09 14:06:02,21.88,72.5,15.67,0.1,1.59,22.04,106.0,16.48,0.11,1.78,0.9291275504796093,2.97,2.68
1668031623,2022-11-09 14:07:02,21.44,69.38,16.58,0.08,1.39,21.43,130.0,16.5,0.12,2.02,0.9283210626551591,3.65,3.29
1668031682,2022-11-09 14:08:02,20.75,251.88,19.73,0.15,2.89,20.94,130.88,16.44,0.12,2.04,0.9275011186968846,3.68,3.31
1668031743,2022-11-09 14:09:02,20.38,189.38,15.14,0.18,2.74,20.58,130.0,16.43,0.12,2.02,0.926667493377332,3.65,3.29
1668031802,2022-11-09 14:10:02,20.25,71.25,15.08,0.1,1.58,20.2,129.13,16.42,0.12,2.0,0.9258199571656054,3.63,3.26
1668031863,2022-11-09 14:11:02,20.06,68.13,15.6,0.1,1.5,19.89,91.75,15.58,0.11,1.7,0.9249582755531912,2.58,2.32
1668031922,2022-11-09 14:12:02,19.56,65.0,16.55,0.08,1.29,19.59,71.25,15.66,0.1,1.49,0.9240822112971077,2.0,1.8
1668031983,2022-11-09 14:13:02,19.19,65.0,15.54,0.09,1.4,19.31,171.26,16.54,0.15,2.61,0.9231915208580085,4.81,4.32
1668032042,2022-11-09 14:14:02,18.88,86.88,15.53,0.11,1.68,19.16,170.88,16.52,0.15,2.59,0.9222859566123348,4.79,4.31
1668032103,2022-11-09 14:15:02,18.88,571.27,19.46,0.37,7.19,19.1,170.01,16.26,0.15,2.59,0.921365266188092,4.76,4.29
1668032162,2022-11-09 14:16:02,19.31,66.25,15.53,0.09,1.39,19.1,172.38,16.46,0.15,2.63,0.9204291923629585,4.82,4.34
1668032223,2022-11-09 14:17:02,19.25,60.63,15.25,0.09,1.31,19.16,246.13,16.69,0.19,3.32,0.9194774729774069,6.88,6.19
1668032282,2022-11-09 14:18:02,19.19,76.88,16.53,0.1,1.58,19.25,159.88,15.94,0.15,2.34,0.9185098408286575,4.46,4.02
1668032343,2022-11-09 14:19:02,19.19,455.64,16.68,0.31,5.11,19.25,244.38,15.81,0.19,3.03,0.9175260235708436,6.82,6.13
1668032402,2022-11-09 14:20:02,19.31,140.0,15.7,0.15,2.32,19.31,248.63,16.11,0.19,3.08,0.9165257436131722,6.93,6.23
1668032463,2022-11-09 14:21:03,19.31,488.76,14.89,0.32,4.83,19.4,252.51,15.92,0.2,3.14,0.9154916234763214,7.02,6.32
1668032523,2022-11-09 14:22:02,19.56,81.88,16.73,0.09,1.58,19.48,174.38,15.85,0.15,2.37,0.9144746576463015,4.84,4.36
1668032583,2022-11-09 14:23:03,19.62,96.25,15.6,0.12,1.86,19.55,157.88,15.74,0.14,2.15,0.9134055984019961,4.38,3.94
1668032643,2022-11-09 14:24:02,19.62,65.0,16.32,0.08,1.26,19.47,82.5,15.89,0.1,1.56,0.9123542545371575,2.29,2.06
1668032702,2022-11-09 14:25:02,19.62,57.5,15.16,0.08,1.21,19.28,77.88,15.48,0.1,1.5,0.9112673059721428,2.16,1.94
1668032763,2022-11-09 14:26:02,18.94,111.88,15.64,0.12,1.9,19.02,69.75,15.31,0.09,1.37,0.9101621128557886,1.93,1.74
1668032822,2022-11-09 14:27:02,18.62,58.75,14.66,0.09,1.28,18.74,67.5,15.09,0.09,1.35,0.9090383577633722,1.87,1.68
1668032883,2022-11-09 14:28:02,18.31,55.63,14.76,0.08,1.22,18.37,66.13,15.11,0.09,1.33,0.9078957171032559,1.83,1.65
1668032942,2022-11-09 14:29:02,18.19,53.75,15.22,0.08,1.14,18.11,53.75,15.06,0.08,1.16,0.9067338609921782,1.49,1.34
1668033003,2022-11-09 14:30:02,17.81,50.63,15.285,0.07500000000000001,1.095,17.87,51.88,15.1,0.07,1.11,0.905552453127898,1.43,1.29
1668033062,2022-11-09 14:31:02,17.62,50.0,15.35,0.07,1.05,17.66,50.63,15.03,0.07,1.08,0.9043511506479613,1.4,1.26
1668033123,2022-11-09 14:32:02,17.44,49.38,14.875,0.07,1.0550000000000002,17.44,49.63,15.01,0.07,1.06,0.903129604007295,1.37,1.23
1668033182,2022-11-09 14:33:02,17.25,49.38,14.4,0.07,1.06,17.25,49.13,15.16,0.07,1.03,0.9018874559909309,1.35,1.22
1668033243,2022-11-09 14:34:02,17.06,48.75,15.16,0.07,1.05,17.05,48.13,15.3,0.07,1.0,0.9006243449200323,1.32,1.19
1668033302,2022-11-09 14:35:02,16.88,48.13,16.03,0.06,0.95,16.84,47.0,15.91,0.06,0.85,0.8993398995120175,1.29,1.16
1668033363,2022-11-09 14:36:02,16.62,45.0,16.02,0.06,0.88,16.63,49.25,16.48,0.05,0.84,0.8980337420402544,1.35,1.22
1668033423,2022-11-09 14:37:03,16.38,43.75,17.96,0.02,0.31,16.43,47.63,16.46,0.05,0.81,0.8966831604752792,1.31,1.18
1668033483,2022-11-09 14:38:02,16.19,60.63,17.23,0.06,1.03,16.24,45.88,16.41,0.05,0.77,0.895354742797741,1.26,1.13
1668033543,2022-11-09 14:39:03,16.06,40.63,15.06,0.06,0.87,16.08,44.63,16.27,0.05,0.76,0.8939580178496712,1.22,1.1
1668033603,2022-11-09 14:40:02,15.94,39.38,15.8,0.05,0.78,15.95,43.5,15.68,0.05,0.86,0.8925841743149445,1.19,1.07
1668033663,2022-11-09 14:41:03,15.81,38.75,15.29,0.05,0.81,15.85,38.88,15.19,0.05,0.82,0.8911396450187509,1.06,0.96
1668033723,2022-11-09 14:42:02,15.75,38.13,15.035,0.055,0.8200000000000001,15.76,38.38,15.11,0.05,0.82,0.8897187374212274,1.05,0.94
1668033782,2022-11-09 14:43:02,15.69,37.5,14.78,0.06,0.83,15.67,38.38,14.86,0.06,0.84,0.888249376482725,1.04,0.94
1668033843,2022-11-09 14:44:02,15.62,38.13,14.655,0.06,0.86,15.6,38.5,14.78,0.06,0.86,0.8867550002804879,1.05,0.94
1668033902,2022-11-09 14:45:02,15.5,39.38,14.53,0.06,0.89,15.53,38.5,14.82,0.06,0.87,0.8852351604716542,1.04,0.94
1668033963,2022-11-09 14:46:02,15.44,39.38,14.885,0.06,0.88,15.44,38.75,14.86,0.06,0.88,0.8836893967600917,1.05,0.94
1668034022,2022-11-09 14:47:02,15.38,38.13,15.24,0.06,0.87,15.35,39.25,14.97,0.06,0.9,0.882117240713852,1.06,0.96
1668034083,2022-11-09 14:48:02,15.25,38.75,14.99,0.06,0.91,15.28,39.88,15.27,0.06,0.9,0.8805182145652641,1.08,0.97
1668034142,2022-11-09 14:49:02,15.19,40.63,15.19,0.06,0.95,15.21,41.0,15.68,0.06,0.89,0.8788918310140539,1.11,0.99
1668034203,2022-11-09 14:50:03,15.12,42.5,16.06,0.055,0.895,15.15,43.13,15.63,0.06,0.95,0.8772097836774809,1.16,1.04
1668034263,2022-11-09 14:51:02,15.12,45.0,16.93,0.05,0.84,15.11,46.0,15.63,0.06,1.02,0.8755549936116046,1.24,1.11
1668034323,2022-11-09 14:52:03,15.06,48.75,14.97,0.08,1.17,15.08,48.75,15.62,0.07,1.08,0.8738147434973049,1.31,1.18
1668034383,2022-11-09 14:53:02,15.06,53.13,15.02,0.08,1.24,15.07,51.13,15.4,0.07,1.16,0.8721026315595566,1.37,1.23
1668034443,2022-11-09 14:54:03,15.06,54.38,15.12,0.08,1.27,15.07,52.88,15.05,0.08,1.24,0.8703020316257372,1.41,1.27
1668034503,2022-11-09 14:55:02,15.06,54.38,14.98,0.08,1.27,15.08,54.75,15.0,0.08,1.28,0.8685304818149494,1.46,1.31
1668034563,2022-11-09 14:56:03,15.12,53.75,15.18,0.08,1.26,15.1,56.0,14.98,0.08,1.31,0.8666673001694931,1.49,1.34
1668034623,2022-11-09 14:57:02,15.12,58.13,14.68,0.09,1.36,15.11,56.5,14.93,0.09,1.33,0.8648341066901362,1.5,1.35
1668034683,2022-11-09 14:58:03,15.12,59.38,14.92,0.09,1.4,15.13,56.63,15.17,0.09,1.32,0.8629060205292547,1.5,1.35
1668034742,2022-11-09 14:59:02,15.12,56.88,14.91,0.09,1.34,15.15,57.0,15.2,0.09,1.32,0.861008891265529,1.51,1.36
1668034803,2022-11-09 15:00:02,15.19,55.0,16.17,0.08,1.22,15.17,56.63,15.51,0.08,1.3,0.8590464736088494,1.49,1.34
1668034862,2022-11-09 15:01:02,15.19,55.63,15.31,0.08,1.29,15.19,56.38,15.48,0.08,1.3,0.8570500279726672,1.48,1.33
1668034923,2022-11-09 15:02:02,15.25,56.25,16.26,0.08,1.25,15.2,56.88,15.49,0.09,1.31,0.8550189226714504,1.49,1.34
1668034982,2022-11-09 15:03:02,15.19,58.13,14.76,0.09,1.39,15.23,58.0,15.3,0.09,1.35,0.8529525131398709,1.52,1.37
1668035043,2022-11-09 15:04:02,15.19,59.38,14.95,0.1,1.42,15.25,60.25,15.3,0.09,1.4,0.8508501416533811,1.57,1.42
1668035102,2022-11-09 15:05:02,15.31,60.63,15.22,0.09,1.41,15.28,87.63,15.16,0.11,1.63,0.8487111370415458,2.28,2.05
1668035163,2022-11-09 15:06:02,15.31,66.88,15.32,0.1,1.51,15.35,88.25,15.21,0.11,1.62,0.8465348143754032,2.29,2.06
1668035222,2022-11-09 15:07:02,15.38,193.13,15.56,0.16,2.42,15.44,86.88,15.46,0.1,1.56,0.8443204731888139,2.25,2.02
1668035283,2022-11-09 15:08:02,15.56,61.25,14.98,0.09,1.34,15.5,85.0,15.53,0.1,1.49,0.8420674031167144,2.19,1.97
1668035342,2022-11-09 15:09:02,15.62,52.5,16.2,0.07,1.1,15.56,80.75,15.47,0.09,1.4,0.8397748746709831,2.08,1.87
1668035403,2022-11-09 15:10:02,15.62,51.25,15.6,0.07,1.08,15.6,50.75,15.33,0.07,1.12,0.8374421448321843,1.3,1.17
1668035462,2022-11-09 15:11:02,15.62,45.63,15.0,0.07,1.06,15.61,46.88,15.2,0.07,1.05,0.8350684552255377,1.2,1.08
1668035523,2022-11-09 15:12:03,15.56,43.13,14.88,0.07,1.01,15.6,45.13,15.17,0.07,0.99,0.832612416911604,1.15,1.04
1668035583,2022-11-09 15:13:02,15.62,41.88,14.3,0.07,1.01,15.58,44.38,15.42,0.06,0.94,0.8301950844838016,1.13,1.02
1668035643,2022-11-09 15:14:03,15.56,43.75,16.055,0.05,0.81,15.57,46.13,15.56,0.06,0.98,0.8276517472794379,1.17,1.05
1668035703,2022-11-09 15:15:02,15.56,47.5,16.88,0.05,0.8049999999999999,15.57,50.0,15.58,0.07,1.07,0.8251483754679596,1.26,1.14
1668035763,2022-11-09 15:16:03,15.56,54.38,15.7,0.08,1.25,15.57,57.13,15.78,0.08,1.24,0.8225143905639971,1.44,1.3
1668035823,2022-11-09 15:17:02,15.56,62.5,14.98,0.1,1.49,15.6,86.5,16.4,0.1,1.56,0.8199216729320212,2.17,1.96
1668035882,2022-11-09 15:18:02,15.62,77.5,15.27,0.12,1.85,15.7,154.38,16.92,0.14,2.39,0.8172386661835196,3.87,3.48
1668035943,2022-11-09 15:19:02,15.69,190.63,19.19,0.13,2.43,15.94,208.51,17.24,0.17,3.08,0.8145080393644705,5.2,4.68
1668036002,2022-11-09 15:20:02,16.06,386.89,19.46,0.25,4.91,16.17,265.63,17.77,0.21,3.79,0.811728877825692,6.6,5.94
1668036063,2022-11-09 15:21:02,16.75,325.01,17.28,0.27,4.71,16.65,317.64,18.33,0.24,4.43,0.8089002495300364,7.86,7.07
1668036122,2022-11-09 15:22:02,16.75,348.14,17.67,0.29,5.05,17.25,338.76,18.0,0.27,4.85,0.8060212028668484,8.34,7.5
1668036183,2022-11-09 15:23:03,18.0,337.51,18.06,0.28,5.06,17.88,320.01,17.6,0.27,4.74,0.8030414848338161,7.84,7.05
1668036243,2022-11-09 15:24:02,18.69,296.26,17.53,0.26,4.5,18.44,329.39,17.66,0.27,4.8,0.8001079473613519,8.03,7.22
1668036303,2022-11-09 15:25:03,19.19,293.13,17.44,0.25,4.4,19.08,332.26,17.69,0.27,4.77,0.7970206717746978,8.05,7.25
1668036363,2022-11-09 15:26:02,19.56,371.89,17.58,0.28,5.01,19.55,336.51,17.61,0.27,4.7,0.793981089517817,8.12,7.3
1668036422,2022-11-09 15:27:02,19.94,362.51,17.82,0.27,4.88,19.98,347.89,17.35,0.27,4.66,0.7908349595759068,8.35,7.51
1668036483,2022-11-09 15:28:02,20.38,358.76,17.67,0.27,4.72,20.36,359.39,16.87,0.27,4.58,0.7876322646645092,8.58,7.72
1668036542,2022-11-09 15:29:02,20.81,353.14,16.24,0.27,4.3,20.73,354.76,16.58,0.27,4.42,0.7843719008444947,8.43,7.59
1668036603,2022-11-09 15:30:02,21.12,350.64,15.03,0.26,3.97,21.05,349.76,16.52,0.26,4.32,0.7810527473284393,8.27,7.44
1668036662,2022-11-09 15:31:02,21.38,348.76,16.15,0.26,4.21,21.34,345.39,15.99,0.26,4.12,0.7776736528077006,8.13,7.31
1668036723,2022-11-09 15:32:02,21.56,337.51,17.53,0.25,4.42,21.52,338.64,15.7,0.25,3.96,0.7742334436529077,7.93,7.14
1668036782,2022-11-09 15:33:02,21.81,336.89,14.99,0.25,3.69,21.65,324.26,15.95,0.25,3.95,0.7707309211677527,7.56,6.8
1668036843,2022-11-09 15:34:02,21.75,319.38,14.8,0.24,3.53,21.69,306.51,15.93,0.24,3.89,0.7671648610287336,7.11,6.4
1668036902,2022-11-09 15:35:02,21.75,278.76,16.26,0.24,3.89,21.67,289.13,15.65,0.24,3.81,0.7635340127063239,6.67,6.01
1668036963,2022-11-09 15:36:02,21.56,260.01,16.08,0.24,3.93,21.57,266.13,16.06,0.24,3.92,0.7598370988814431,6.11,5.5
1668037022,2022-11-09 15:37:02,21.5,250.63,16.12,0.25,4.03,21.46,240.63,16.53,0.24,4.04,0.7560728148142708,5.5,4.95
1668037083,2022-11-09 15:38:02,21.31,221.88,17.02,0.25,4.21,21.31,234.01,16.51,0.25,4.08,0.7522398277709909,5.33,4.79
1668037143,2022-11-09 15:39:03,21.19,191.88,17.17,0.24,4.16,21.2,232.51,16.83,0.24,4.06,0.7482711217440068,5.27,4.74
1668037203,2022-11-09 15:40:02,21.0,245.63,16.14,0.25,4.06,21.08,227.88,16.58,0.24,3.98,0.7443622699392506,5.13,4.62
1668037262,2022-11-09 15:41:02,21.0,252.51,17.71,0.22,3.84,20.98,223.51,16.36,0.24,3.91,0.7403148851544501,5.01,4.51
1668037323,2022-11-09 15:42:02,20.88,227.51,14.84,0.24,3.61,20.9,234.63,15.93,0.24,3.81,0.7361931762282289,5.23,4.71
1668037383,2022-11-09 15:43:02,20.81,200.01,15.93,0.24,3.86,20.82,245.88,15.93,0.24,3.79,0.7319956580080604,5.45,4.91
1668037443,2022-11-09 15:44:03,20.81,247.51,15.05,0.25,3.7,20.7,250.01,15.65,0.24,3.79,0.7276489052172325,5.51,4.96
1668037503,2022-11-09 15:45:02,20.62,301.88,16.1,0.24,3.92,20.56,250.63,15.64,0.24,3.77,0.7233671033057143,5.49,4.95
1668037562,2022-11-09 15:46:02,20.38,273.13,16.32,0.24,3.87,20.44,252.76,15.68,0.24,3.74,0.718932939287764,5.51,4.96
1668037623,2022-11-09 15:47:02,20.19,230.63,14.82,0.24,3.52,20.29,245.38,16.12,0.23,3.72,0.7144167094518971,5.32,4.78
1668037683,2022-11-09 15:48:02,20.19,210.63,16.1,0.23,3.71,20.18,228.63,16.32,0.23,3.65,0.7098167644509231,4.92,4.43
1668037743,2022-11-09 15:49:03,20.06,210.63,17.25,0.21,3.57,20.11,222.63,16.19,0.22,3.59,0.7050525974391583,4.76,4.29
1668037803,2022-11-09 15:50:02,20.06,218.13,17.1,0.21,3.56,20.07,224.38,16.43,0.22,3.59,0.700358953029629,4.77,4.29
1668037863,2022-11-09 15:51:03,20.06,243.13,15.66,0.23,3.57,20.02,221.51,16.67,0.21,3.51,0.6954158186898566,4.67,4.21
1668037923,2022-11-09 15:52:02,20.0,239.38,16.02,0.22,3.53,19.99,215.76,16.58,0.21,3.46,0.690545582348421,4.52,4.07
1668037983,2022-11-09 15:53:03,19.94,196.26,17.32,0.19,3.33,19.95,207.26,16.32,0.21,3.39,0.6854161811538597,4.31,3.88
1668038043,2022-11-09 15:54:02,19.88,181.88,16.82,0.2,3.32,19.88,186.63,16.38,0.2,3.27,0.6803621346934865,3.85,3.47
1668038103,2022-11-09 15:55:03,19.88,175.63,15.8,0.2,3.19,19.82,163.75,16.33,0.19,3.12,0.6750388405125473,3.36,3.02
1668038163,2022-11-09 15:56:02,19.69,140.0,15.92,0.19,2.97,19.75,148.25,16.05,0.19,2.99,0.6697934532438289,3.01,2.71
1668038223,2022-11-09 15:57:03,19.69,125.0,15.78,0.18,2.77,19.69,135.13,15.89,0.18,2.85,0.6642683138861685,2.73,2.45
1668038283,2022-11-09 15:58:02,19.62,118.75,15.91,0.16999999999999998,2.6950000000000003,19.6,124.13,15.85,0.18,2.76,0.6588237305990929,2.48,2.24
1668038343,2022-11-09 15:59:03,19.56,116.25,16.04,0.16,2.62,19.51,120.75,15.64,0.18,2.73,0.6530884522456786,2.4,2.16
1668038403,2022-11-09 16:00:02,19.44,120.63,15.6,0.18,2.76,19.4,120.75,15.62,0.18,2.76,0.6474364814537139,2.38,2.14
1668038463,2022-11-09 16:01:03,19.25,123.13,14.88,0.19,2.8,19.22,122.25,15.62,0.18,2.8,0.6414824166004199,2.38,2.15
1668038523,2022-11-09 16:02:02,19.12,125.0,15.68,0.19,2.91,19.0,124.5,15.52,0.19,2.86,0.6356145190724015,2.41,2.17
1668038582,2022-11-09 16:03:02,18.75,126.25,15.89,0.18,2.93,18.76,125.25,15.81,0.18,2.86,0.6295349481125325,2.4,2.16
1668038643,2022-11-09 16:04:02,18.44,127.5,15.54,0.19,2.91,18.56,125.0,16.21,0.18,2.84,0.6233399287522952,2.37,2.13
1668038702,2022-11-09 16:05:02,18.25,124.38,17.08,0.16,2.74,18.39,123.75,16.03,0.17,2.79,0.6170271017007115,2.33,2.09
1668038763,2022-11-09 16:06:02,18.25,121.88,16.84,0.16,2.73,18.26,121.5,16.33,0.17,2.7,0.6105940640695569,2.26,2.03
1668038822,2022-11-09 16:07:02,18.25,118.75,14.79,0.18,2.66,18.21,118.38,16.56,0.16,2.62,0.6040383648144055,2.18,1.96
1668038883,2022-11-09 16:08:02,18.12,115.0,17.4,0.14,2.45,18.2,115.13,16.37,0.16,2.57,0.5973575044041058,2.1,1.89
1668038942,2022-11-09 16:09:02,18.19,111.88,16.67,0.15,2.53,18.19,111.38,16.12,0.15,2.5,0.5905489344537661,2.0,1.8
1668039003,2022-11-09 16:10:02,18.19,108.13,16.130000000000003,0.15,2.46,18.18,107.75,16.59,0.14,2.4,0.5836100575134988,1.92,1.72
1668039062,2022-11-09 16:11:02,18.19,103.13,15.59,0.15,2.39,18.15,104.25,16.23,0.15,2.37,0.5765382269573249,1.83,1.65
1668039123,2022-11-09 16:12:02,18.19,100.63,17.17,0.13,2.18,18.11,101.13,15.98,0.14,2.31,0.5693307470031993,1.75,1.58
1668039182,2022-11-09 16:13:02,18.0,97.5,15.58,0.15,2.28,18.08,96.88,15.82,0.14,2.21,0.5619848728830154,1.66,1.49
1668039243,2022-11-09 16:14:02,18.0,96.25,15.42,0.14,2.22,18.01,90.0,15.77,0.13,2.05,0.5544978061189229,1.52,1.37
1668039302,2022-11-09 16:15:02,18.0,86.88,15.34,0.13,1.99,17.9,85.5,15.36,0.13,1.97,0.5468667152456556,1.43,1.28
1668039363,2022-11-09 16:16:02,17.88,68.75,15.35,0.1,1.56,17.79,73.88,15.18,0.11,1.68,0.5390887064807117,1.21,1.09
1668039422,2022-11-09 16:17:02,17.62,78.13,15.09,0.12,1.78,17.65,63.63,15.35,0.09,1.36,0.5311608446969885,1.03,0.93
1668039483,2022-11-09 16:18:02,17.44,39.38,14.72,0.06,0.87,17.45,53.75,15.83,0.07,1.02,0.5230801498850202,0.86,0.77
1668039542,2022-11-09 16:19:02,17.31,45.0,16.235,0.04,0.58,17.21,48.88,15.68,0.06,0.91,0.5148435987989473,0.77,0.69
1668039603,2022-11-09 16:20:02,17.0,37.5,17.75,0.02,0.29,16.98,40.5,15.62,0.05,0.72,0.5064481270761101,0.63,0.56
1668039662,2022-11-09 16:21:02,16.69,44.38,14.63,0.07,1.03,16.73,39.5,15.58,0.05,0.7,0.4978906318249891,0.6,0.54
1668039723,2022-11-09 16:22:02,16.44,36.25,14.76,0.06,0.83,16.48,36.88,15.28,0.05,0.73,0.48916797466519063,0.55,0.5
1668039782,2022-11-09 16:23:02,16.19,34.38,14.54,0.05,0.78,16.26,35.38,14.69,0.05,0.8,0.48027698553822296,0.52,0.47
1668039843,2022-11-09 16:24:02,16.06,31.88,14.73,0.05,0.71,16.04,32.25,14.7,0.05,0.72,0.4712144670631911,0.47,0.42
1668039902,2022-11-09 16:25:02,15.94,30.0,14.81,0.04,0.66,15.83,30.63,14.66,0.04,0.68,0.46197719977666896,0.43,0.39
1668039963,2022-11-09 16:26:02,15.56,28.75,14.67,0.04,0.61,15.63,29.13,14.66,0.04,0.64,0.4525619419273455,0.4,0.36
1668040022,2022-11-09 16:27:02,15.38,28.13,14.55,0.04,0.62,15.41,27.88,14.63,0.04,0.6,0.44296546199159187,0.38,0.34
1668040083,2022-11-09 16:28:02,15.19,26.88,14.55,0.04,0.58,15.2,26.63,14.58,0.04,0.57,0.43318450933362085,0.35,0.32
1668040142,2022-11-09 16:29:02,15.0,25.63,14.59,0.04,0.54,15.03,25.13,14.56,0.03,0.53,0.4232158491026204,0.33,0.29
1668040203,2022-11-09 16:30:03,14.88,23.75,14.52,0.03,0.49,14.85,23.0,14.58,0.03,0.46,0.412885306302826,0.29,0.26
1668040263,2022-11-09 16:31:02,14.69,21.25,14.585,0.025,0.4,14.69,20.63,14.59,0.03,0.4,0.40270258478427917,0.26,0.23
1668040323,2022-11-09 16:32:03,14.5,17.5,14.65,0.02,0.31,14.54,18.13,14.55,0.02,0.34,0.3919741350711449,0.22,0.2
1668040383,2022-11-09 16:33:02,14.38,15.0,14.61,0.02,0.26,14.41,15.75,14.16,0.02,0.29,0.3814004643688932,0.18,0.17
1668040443,2022-11-09 16:34:02,14.25,13.13,14.4,0.02,0.23,14.25,13.75,13.75,0.02,0.26,0.37044599004801443,0.16,0.14
1668040503,2022-11-09 16:35:03,14.25,11.88,12.56,0.02,0.25,14.13,12.38,13.33,0.02,0.24,0.3590976072674776,0.14,0.12
1668040563,2022-11-09 16:36:02,13.88,11.25,12.54,0.02,0.23,13.98,11.5,12.91,0.02,0.23,0.34791592932975857,0.12,0.11
1668040622,2022-11-09 16:37:02,13.88,10.63,12.52,0.02,0.22,13.81,11.0,12.53,0.02,0.23,0.33633506032224963,0.11,0.1
1668040683,2022-11-09 16:38:03,13.62,10.63,12.52,0.02,0.22,13.63,10.63,12.51,0.02,0.22,0.32434205086656653,0.11,0.1
1668040743,2022-11-09 16:39:02,13.44,10.63,12.5,0.02,0.22,13.5,10.25,12.5,0.02,0.21,0.31252999456524316,0.1,0.09
1668040802,2022-11-09 16:40:02,13.31,10.0,12.48,0.02,0.2,13.35,9.88,12.48,0.02,0.2,0.3003018949622184,0.09,0.08
1668040863,2022-11-09 16:41:02,13.25,9.38,12.47,0.01,0.19,13.24,9.5,12.47,0.01,0.19,0.2878547022397598,0.08,0.08
1668040922,2022-11-09 16:42:02,13.12,8.75,12.45,0.01,0.18,13.15,9.13,12.45,0.01,0.18,0.2751873793797267,0.08,0.07
1668040983,2022-11-09 16:43:02,13.06,8.75,12.44,0.01,0.18,13.06,8.75,12.44,0.01,0.18,0.26229937047835283,0.07,0.06
1668041042,2022-11-09 16:44:02,13.0,8.75,12.43,0.01,0.17,12.97,8.38,12.43,0.01,0.17,0.24919067792628866,0.06,0.06
1668041103,2022-11-09 16:45:02,12.88,8.13,12.41,0.01,0.17,12.89,8.13,12.41,0.01,0.17,0.2358619478208889,0.06,0.05
1668041162,2022-11-09 16:46:02,12.81,7.5,12.4,0.01,0.16,12.8,7.88,12.4,0.01,0.16,0.22231456287560636,0.05,0.05
1668041223,2022-11-09 16:47:02,12.69,7.5,12.38,0.01,0.15,12.71,7.38,12.38,0.01,0.15,0.2085507410813587,0.05,0.04
1668041282,2022-11-09 16:48:02,12.62,7.5,12.36,0.01,0.14,12.64,7.0,12.36,0.01,0.14,0.19457362787863539,0.04,0.04
1668041343,2022-11-09 16:49:02,12.56,6.25,12.34,0.01,0.13,12.56,6.63,12.34,0.01,0.13,0.18038743223038978,0.04,0.03
1668041402,2022-11-09 16:50:02,12.5,6.25,12.33,0.01,0.12,12.49,6.13,12.33,0.01,0.12,0.1659974566999905,0.03,0.03
1668041463,2022-11-09 16:51:02,12.44,5.63,12.31,0.01,0.11,12.41,5.63,12.31,0.01,0.11,0.1514101939574419,0.03,0.02
1668041522,2022-11-09 16:52:02,12.31,5.0,12.3,0.01,0.1,12.34,5.25,12.3,0.01,0.1,0.13663332612341492,0.02,0.02
1668041583,2022-11-09 16:53:02,12.25,5.0,12.28,0.01,0.1,12.26,4.88,12.28,0.01,0.1,0.12167564788846977,0.02,0.02
1668041642,2022-11-09 16:54:02,12.19,4.38,12.26,0.01,0.09,12.19,4.63,12.26,0.01,0.09,0.10654685049599306,0.02,0.01
1668041703,2022-11-09 16:55:02,12.12,4.38,12.24,0.01,0.09,12.14,4.5,12.24,0.01,0.09,0.09125708878002854,0.01,0.01
1668041762,2022-11-09 16:56:02,12.06,4.38,12.22,0.01,0.08,12.06,4.25,12.22,0.01,0.08,0.07581621802395393,0.01,0.01
1668041823,2022-11-09 16:57:02,12.06,4.38,12.21,0.01,0.07,11.99,4.0,12.2,0.01,0.07,0.06023254056749864,0.01,0.01
1668041882,2022-11-09 16:58:02,11.88,3.75,12.18,0.01,0.07,11.91,3.63,12.19,0.01,0.07,0.04451084314574715,0.0,0.0
1668041943,2022-11-09 16:59:02,11.81,3.13,12.17,0.0,0.06,11.84,3.13,12.17,0.0,0.06,0.028649425200514295,0.0,0.0
1668042003,2022-11-09 17:00:03,11.75,2.5,12.15,0.0,0.05,11.75,2.75,12.15,0.0,0.05,0.012367509359271143,0.0,0.0
1668042063,2022-11-09 17:01:02,11.69,1.88,12.13,0.0,0.05,11.69,2.38,12.13,0.0,0.05,0.0,0.0,0.0
1668042123,2022-11-09 17:02:03,11.62,2.5,12.11,0.0,0.04,11.62,2.13,12.11,0.0,0.04,0.0,0.0,0.0
1668042183,2022-11-09 17:03:02,11.56,1.88,12.09,0.0,0.03,11.56,2.0,12.09,0.0,0.04,0.0,0.0,0.0
1668042243,2022-11-09 17:04:03,11.5,1.88,12.06,0.0,0.03,11.5,1.88,12.06,0.0,0.03,0.0,0.0,0.0
1668042303,2022-11-09 17:05:02,11.44,1.88,12.04,0.0,0.025,11.44,1.63,12.04,0.0,0.02,0.0,0.0,0.0
1668042363,2022-11-09 17:06:03,11.38,1.25,12.02,0.0,0.02,11.39,1.38,12.01,0.0,0.02,0.0,0.0,0.0
1668042422,2022-11-09 17:07:02,11.31,1.25,11.99,0.0,0.015,11.34,1.13,11.99,0.0,0.02,0.0,0.0,0.0
1668042483,2022-11-09 17:08:02,11.31,0.63,11.96,0.0,0.01,11.3,0.88,11.96,0.0,0.01,0.0,0.0,0.0
1668042542,2022-11-09 17:09:02,11.25,0.63,11.93,0.0,0.01,11.26,0.63,11.93,0.0,0.01,0.0,0.0,0.0
1668042603,2022-11-09 17:10:02,11.25,0.63,11.895,0.0,0.005,11.24,0.38,11.88,0.0,0.0,0.0,0.0,0.0
1668042662,2022-11-09 17:11:02,11.19,0.0,11.86,0.0,0.0,11.21,0.25,11.79,-0.0,0.0,0.0,0.0,0.0
1668042723,2022-11-09 17:12:02,11.19,0.0,11.76,0.0,0.0,11.19,0.13,11.67,-0.0,0.0,0.0,0.0,0.0
1668042782,2022-11-09 17:13:02,11.19,0.0,11.53,-0.0,0.0,11.15,-0.13,11.5,-0.0,0.0,0.0,-0.0,-0.0
1668042843,2022-11-09 17:14:02,11.12,0.0,11.29,-0.0,0.0,11.11,-0.13,11.28,-0.0,0.0,0.0,-0.0,-0.0
1668042902,2022-11-09 17:15:02,11.06,-0.63,11.05,-0.0,0.0,11.07,-0.13,11.03,-0.0,0.0,0.0,-0.0,-0.0
1668042963,2022-11-09 17:16:02,11.0,0.0,10.79,-0.0,0.0,11.02,-0.13,10.77,-0.0,0.0,0.0,-0.0,-0.0
1668043022,2022-11-09 17:17:02,11.0,0.0,10.51,-0.0,0.0,10.99,-0.13,10.49,-0.0,0.0,0.0,-0.0,-0.0
1668043083,2022-11-09 17:18:02,10.94,0.0,10.21,-0.0,0.0,10.95,0.0,10.18,-0.0,0.0,0.0,0.0,0.0
1668043142,2022-11-09 17:19:02,10.94,0.0,9.88,-0.0,0.0,10.91,0.0,9.85,-0.0,0.0,0.0,0.0,0.0
1668043203,2022-11-09 17:20:02,10.88,0.0,9.52,-0.0,0.0,10.88,0.0,9.48,-0.0,0.0,0.0,0.0,0.0
1668043262,2022-11-09 17:21:02,10.81,0.0,9.13,-0.0,0.0,10.84,0.0,9.08,-0.0,0.0,0.0,0.0,0.0
1668043323,2022-11-09 17:22:02,10.81,0.0,8.68,-0.0,0.0,10.8,0.0,8.62,-0.0,0.0,0.0,0.0,0.0
1668043382,2022-11-09 17:23:02,10.75,0.0,8.18,-0.0,0.0,10.77,0.0,8.1,-0.0,0.0,0.0,0.0,0.0
1668043443,2022-11-09 17:24:02,10.75,0.0,7.6,-0.0,0.0,10.75,0.0,7.5,-0.0,0.0,0.0,0.0,0.0
1668043502,2022-11-09 17:25:02,10.75,0.0,6.92,-0.0,0.0,10.71,0.0,6.81,-0.0,0.0,0.0,0.0,0.0
1668043563,2022-11-09 17:26:02,10.69,0.0,6.13,-0.0,0.0,10.69,0.0,6.03,-0.0,0.0,0.0,0.0,0.0
1668043623,2022-11-09 17:27:03,10.62,0.0,5.24,-0.0,0.0,10.66,0.0,5.2,-0.0,0.0,0.0,0.0,0.0
1668043683,2022-11-09 17:28:02,10.62,0.0,4.28,-0.0,0.0,10.62,0.0,4.48,-0.0,0.0,0.0,0.0,0.0
1668043743,2022-11-09 17:29:03,10.62,0.0,3.41,-0.0,0.0,10.58,0.0,3.85,-0.0,0.0,0.0,0.0,0.0
1668043803,2022-11-09 17:30:02,10.56,0.0,3.34,-0.0,0.0,10.56,0.0,3.29,-0.0,0.0,0.0,0.0,0.0
1668043863,2022-11-09 17:31:03,10.5,0.0,2.99,-0.0,0.0,10.52,0.0,2.82,-0.0,0.0,0.0,0.0,0.0
1668043923,2022-11-09 17:32:02,10.5,0.0,2.42,-0.0,0.0,10.48,0.0,2.46,-0.0,0.0,0.0,0.0,0.0
1668043982,2022-11-09 17:33:02,10.44,0.0,1.96,-0.0,0.0,10.43,0.0,2.05,-0.0,0.0,0.0,0.0,0.0
1668044043,2022-11-09 17:34:02,10.38,0.0,1.58,-0.0,0.0,10.39,0.0,1.69,-0.0,0.0,0.0,0.0,0.0
1668044102,2022-11-09 17:35:02,10.31,0.0,1.3,-0.0,0.0,10.35,0.0,1.43,-0.0,0.0,0.0,0.0,0.0
1668044163,2022-11-09 17:36:03,10.31,0.0,1.19,-0.0,0.0,10.31,0.0,1.25,-0.0,0.0,0.0,0.0,0.0
1668044223,2022-11-09 17:37:02,10.31,0.0,1.12,-0.0,0.0,10.29,0.0,1.14,-0.0,0.0,0.0,0.0,0.0
1668044283,2022-11-09 17:38:03,10.25,0.0,1.06,-0.0,0.0,10.26,0.0,1.07,-0.0,0.0,0.0,0.0,0.0
1668044343,2022-11-09 17:39:02,10.25,0.0,1.01,-0.0,0.0,10.22,0.0,1.02,-0.0,0.0,0.0,0.0,0.0
1668044403,2022-11-09 17:40:02,10.19,0.0,0.97,-0.0,0.0,10.19,0.0,0.97,-0.0,0.0,0.0,0.0,0.0
1668044462,2022-11-09 17:41:02,10.12,0.0,0.92,-0.0,0.0,10.15,0.0,0.93,-0.0,0.0,0.0,0.0,0.0
1668044523,2022-11-09 17:42:02,10.12,0.0,0.88,-0.0,0.0,10.1,0.0,0.89,-0.0,0.0,0.0,0.0,0.0
1668044582,2022-11-09 17:43:02,10.06,0.0,0.85,-0.0,0.0,10.06,0.0,0.85,-0.0,0.0,0.0,0.0,0.0
1668044643,2022-11-09 17:44:02,10.0,0.0,0.81,-0.0,0.0,10.02,0.0,0.81,-0.0,0.0,0.0,0.0,0.0
1668044703,2022-11-09 17:45:03,10.0,0.0,0.78,-0.0,0.0,9.99,0.0,0.78,-0.0,0.0,0.0,0.0,0.0
1668044763,2022-11-09 17:46:02,9.94,0.0,0.75,-0.0,0.0,9.95,0.0,0.75,-0.0,0.0,0.0,0.0,0.0
1668044823,2022-11-09 17:47:02,9.94,0.0,0.72,-0.0,0.0,9.91,0.0,0.73,-0.0,0.0,0.0,0.0,0.0
1668044882,2022-11-09 17:48:02,9.88,0.0,0.7,-0.0,0.0,9.86,0.0,0.7,-0.0,0.0,0.0,0.0,0.0
1668044943,2022-11-09 17:49:02,9.81,0.0,0.68,-0.0,0.0,9.81,0.0,0.68,-0.0,0.0,0.0,0.0,0.0
1668045002,2022-11-09 17:50:02,9.75,0.0,0.66,-0.0,0.0,9.76,0.0,0.67,-0.0,0.0,0.0,0.0,0.0
1668045063,2022-11-09 17:51:02,9.69,0.0,0.65,-0.0,0.0,9.71,0.0,0.65,-0.0,0.0,0.0,0.0,0.0
1668045122,2022-11-09 17:52:02,9.69,0.0,0.64,-0.0,0.0,9.66,0.0,0.64,-0.0,0.0,0.0,0.0,0.0
1668045183,2022-11-09 17:53:02,9.62,0.0,0.63,-0.0,0.0,9.61,0.0,0.63,-0.0,0.0,0.0,0.0,0.0
1668045242,2022-11-09 17:54:02,9.56,0.0,0.62,-0.0,0.0,9.56,0.0,0.62,-0.0,0.0,0.0,0.0,0.0
1668045303,2022-11-09 17:55:02,9.5,0.0,0.61,-0.0,0.0,9.5,0.0,0.61,-0.0,0.0,0.0,0.0,0.0
1668045362,2022-11-09 17:56:02,9.44,0.0,0.61,-0.0,0.0,9.44,0.0,0.61,-0.0,0.0,0.0,0.0,0.0
1668045423,2022-11-09 17:57:02,9.38,0.0,0.6,-0.0,0.0,9.38,0.0,0.6,-0.0,0.0,0.0,0.0,0.0
1668045482,2022-11-09 17:58:02,9.31,0.0,0.6,-0.0,0.0,9.31,0.0,0.6,-0.0,0.0,0.0,0.0,0.0
1668045543,2022-11-09 17:59:02,9.25,0.0,0.6,-0.0,0.0,9.25,0.0,0.6,-0.0,0.0,0.0,0.0,0.0
1668045603,2022-11-09 18:00:03,9.19,0.0,0.6,-0.0,0.0,9.19,0.0,0.6,-0.0,0.0,0.0,0.0,0.0
1668045663,2022-11-09 18:01:02,9.12,0.0,0.59,-0.0,0.0,9.12,0.0,0.6,-0.0,0.0,0.0,0.0,0.0
1668045723,2022-11-09 18:02:03,9.06,0.0,0.59,-0.0,0.0,9.07,0.0,0.6,-0.0,0.0,0.0,0.0,0.0
1668045783,2022-11-09 18:03:02,9.0,0.0,0.63,-0.0,0.0,9.02,0.0,0.6,-0.0,0.0,0.0,0.0,0.0
1668045843,2022-11-09 18:04:03,9.0,0.0,0.59,-0.0,0.0,8.98,0.0,0.6,-0.0,0.0,0.0,0.0,0.0
1668045903,2022-11-09 18:05:02,8.94,0.0,0.59,-0.0,0.0,8.94,0.0,0.6,-0.0,0.0,0.0,0.0,0.0
1668045962,2022-11-09 18:06:02,8.88,0.0,0.59,-0.0,0.0,8.9,0.0,0.59,-0.0,0.0,0.0,0.0,0.0
1668046023,2022-11-09 18:07:02,8.88,0.0,0.59,-0.0,0.0,8.86,0.0,0.59,-0.0,0.0,0.0,0.0,0.0
1668046082,2022-11-09 18:08:02,8.81,0.0,0.59,-0.0,0.0,8.81,0.0,0.59,-0.0,0.0,0.0,0.0,0.0
1668046143,2022-11-09 18:09:02,8.81,0.0,0.59,-0.0,0.0,8.76,0.0,0.59,-0.0,0.0,0.0,0.0,0.0
1668046202,2022-11-09 18:10:02,8.69,0.0,0.59,-0.0,0.0,8.7,0.0,0.59,-0.0,0.0,0.0,0.0,0.0
1668046263,2022-11-09 18:11:02,8.62,0.0,0.59,-0.0,0.0,8.64,0.0,0.59,-0.0,0.0,0.0,0.0,0.0
1668046323,2022-11-09 18:12:02,8.56,0.0,0.59,-0.0,0.0,8.56,0.0,0.59,-0.0,0.0,0.0,0.0,0.0
1668046382,2022-11-09 18:13:02,8.5,0.0,0.59,-0.0,0.0,8.51,0.0,0.59,-0.0,0.0,0.0,0.0,0.0
1668046443,2022-11-09 18:14:02,8.44,0.0,0.59,-0.0,0.0,8.48,0.0,0.59,-0.0,0.0,0.0,0.0,0.0
1668046502,2022-11-09 18:15:02,8.44,0.0,0.59,-0.0,0.0,8.44,0.0,0.59,-0.0,0.0,0.0,0.0,0.0
1668046563,2022-11-09 18:16:02,8.44,0.0,0.59,-0.0,0.0,8.4,0.0,0.59,-0.0,0.0,0.0,0.0,0.0
1668046622,2022-11-09 18:17:02,8.38,0.0,0.59,-0.0,0.0,8.36,0.0,0.59,-0.0,0.0,0.0,0.0,0.0
1668046683,2022-11-09 18:18:02,8.31,0.0,0.59,-0.0,0.0,8.33,0.0,0.59,-0.0,0.0,0.0,0.0,0.0
1668046743,2022-11-09 18:19:03,8.25,0.0,0.6,-0.0,0.0,8.28,0.0,0.59,-0.0,0.0,0.0,0.0,0.0
1668046803,2022-11-09 18:20:02,8.25,0.0,0.59,-0.0,0.0,8.24,0.0,0.59,-0.0,0.0,0.0,0.0,0.0
1668046863,2022-11-09 18:21:03,8.19,0.0,0.59,-0.0,0.0,8.2,0.0,0.59,-0.0,0.0,0.0,0.0,0.0
1668046923,2022-11-09 18:22:02,8.19,0.0,0.59,-0.0,0.0,8.16,0.0,0.59,-0.0,0.0,0.0,0.0,0.0
1668046983,2022-11-09 18:23:03,8.12,0.0,0.6,-0.0,0.0,8.11,0.0,0.59,-0.0,0.0,0.0,0.0,0.0
1668047043,2022-11-09 18:24:02,8.06,0.0,0.59,-0.0,0.0,8.07,0.0,0.6,-0.0,0.0,0.0,0.0,0.0
1668047103,2022-11-09 18:25:03,8.0,0.0,0.6,-0.0,0.0,8.02,0.0,0.6,-0.0,0.0,0.0,0.0,0.0
1668047163,2022-11-09 18:26:02,8.0,0.0,0.6,-0.0,0.0,7.99,0.0,0.6,-0.0,0.0,0.0,0.0,0.0
1668047223,2022-11-09 18:27:03,7.94,0.0,0.6,-0.0,0.0,7.96,0.0,0.6,-0.0,0.0,0.0,0.0,0.0
1668047283,2022-11-09 18:28:02,7.94,0.0,0.6,-0.0,0.0,7.94,0.0,0.6,-0.0,0.0,0.0,0.0,0.0
1668047343,2022-11-09 18:29:03,7.94,0.0,0.6,-0.0,0.0,7.92,0.0,0.6,-0.0,0.0,0.0,0.0,0.0
1668047403,2022-11-09 18:30:02,7.88,0.0,0.6,-0.0,0.0,7.89,0.0,0.6,-0.0,0.0,0.0,0.0,0.0
1668047462,2022-11-09 18:31:02,7.88,0.0,0.6,-0.0,0.0,7.85,0.0,0.6,-0.0,0.0,0.0,0.0,0.0
1668047523,2022-11-09 18:32:02,7.81,0.0,0.6,-0.0,0.0,7.81,0.0,0.6,-0.0,0.0,0.0,0.0,0.0
1668047582,2022-11-09 18:33:02,7.75,0.0,0.6,-0.0,0.0,7.79,0.0,0.6,-0.0,0.0,0.0,0.0,0.0
1668047643,2022-11-09 18:34:02,7.75,0.0,0.6,-0.0,0.0,7.75,0.0,0.6,-0.0,0.0,0.0,0.0,0.0
1668047702,2022-11-09 18:35:02,7.75,0.0,0.6,-0.0,0.0,7.73,0.0,0.6,-0.0,0.0,0.0,0.0,0.0
1668047763,2022-11-09 18:36:02,7.69,0.0,0.6,-0.0,0.0,7.7,0.0,0.6,-0.0,0.0,0.0,0.0,0.0
1668047822,2022-11-09 18:37:02,7.69,0.0,0.6,-0.0,0.0,7.66,0.0,0.6,-0.0,0.0,0.0,0.0,0.0
1668047883,2022-11-09 18:38:02,7.62,0.0,0.6,-0.0,0.0,7.62,0.0,0.6,-0.0,0.0,0.0,0.0,0.0
1668047942,2022-11-09 18:39:02,7.56,0.0,0.6,-0.0,0.0,7.59,0.0,0.6,-0.0,0.0,0.0,0.0,0.0
1668048003,2022-11-09 18:40:02,7.56,0.0,0.6,-0.0,0.0,7.54,0.0,0.6,-0.0,0.0,0.0,0.0,0.0
1668048062,2022-11-09 18:41:02,7.5,0.0,0.6,-0.0,0.0,7.5,0.0,0.6,-0.0,0.0,0.0,0.0,0.0
1668048123,2022-11-09 18:42:02,7.44,0.0,0.6,-0.0,0.0,7.48,0.0,0.6,-0.0,0.0,0.0,0.0,0.0
1668048183,2022-11-09 18:43:03,7.44,0.0,0.6,-0.0,0.0,7.45,0.0,0.6,-0.0,0.0,0.0,0.0,0.0
1668048243,2022-11-09 18:44:02,7.44,0.0,0.6,-0.0,0.0,7.43,0.0,0.6,-0.0,0.0,0.0,0.0,0.0
1668048303,2022-11-09 18:45:02,7.44,0.0,0.6,-0.0,0.0,7.42,0.0,0.6,-0.0,0.0,0.0,0.0,0.0
1668048362,2022-11-09 18:46:02,7.38,0.0,0.6,-0.0,0.0,7.39,0.0,0.6,-0.0,0.0,0.0,0.0,0.0
1668048423,2022-11-09 18:47:02,7.38,0.0,0.6,-0.0,0.0,7.35,0.0,0.6,-0.0,0.0,0.0,0.0,0.0
1668048482,2022-11-09 18:48:02,7.31,0.0,0.6,-0.0,0.0,7.31,0.0,0.6,-0.0,0.0,0.0,0.0,0.0
1668048543,2022-11-09 18:49:02,7.25,0.0,0.6,-0.0,0.0,7.28,0.0,0.6,-0.0,0.0,0.0,0.0,0.0
1668048603,2022-11-09 18:50:02,7.25,0.0,0.6,-0.0,0.0,7.24,0.0,0.6,-0.0,0.0,0.0,0.0,0.0
1668048663,2022-11-09 18:51:03,7.19,0.0,0.6,-0.0,0.0,7.2,0.0,0.6,-0.0,0.0,0.0,0.0,0.0
1668048723,2022-11-09 18:52:02,7.19,0.0,0.6,-0.0,0.0,7.16,0.0,0.6,-0.0,0.0,0.0,0.0,0.0
1668048783,2022-11-09 18:53:03,7.12,0.0,0.61,-0.0,0.0,7.12,0.0,0.61,-0.0,0.0,0.0,0.0,0.0
1668048843,2022-11-09 18:54:02,7.06,0.0,0.61,-0.0,0.0,7.1,0.0,0.61,-0.0,0.0,0.0,0.0,0.0
1668048902,2022-11-09 18:55:02,7.06,0.0,0.61,-0.0,0.0,7.07,0.0,0.61,-0.0,0.0,0.0,0.0,0.0
1668048963,2022-11-09 18:56:02,7.06,0.0,0.61,-0.0,0.0,7.06,0.0,0.61,-0.0,0.0,0.0,0.0,0.0
1668049022,2022-11-09 18:57:02,7.06,0.0,0.61,-0.0,0.0,7.05,0.0,0.61,-0.0,0.0,0.0,0.0,0.0
1668049083,2022-11-09 18:58:02,7.06,0.0,0.61,-0.0,0.0,7.04,0.0,0.61,-0.0,0.0,0.0,0.0,0.0
1668049142,2022-11-09 18:59:02,7.0,0.0,0.61,-0.0,0.0,7.01,0.0,0.61,-0.0,0.0,0.0,0.0,0.0
1668049203,2022-11-09 19:00:02,7.0,0.0,0.61,-0.0,0.0,6.99,0.0,0.61,-0.0,0.0,0.0,0.0,0.0
1668049262,2022-11-09 19:01:02,6.94,0.0,0.61,-0.0,0.0,6.96,0.0,0.61,-0.0,0.0,0.0,0.0,0.0
1668049323,2022-11-09 19:02:02,6.94,0.0,0.61,-0.0,0.0,6.95,0.0,0.61,-0.0,0.0,0.0,0.0,0.0
1668049383,2022-11-09 19:03:03,6.94,0.0,0.6,-0.0,0.0,6.93,0.0,0.61,-0.0,0.0,0.0,0.0,0.0
1668049443,2022-11-09 19:04:02,6.94,0.0,0.61,-0.0,0.0,6.92,0.0,0.61,-0.0,0.0,0.0,0.0,0.0
1668049503,2022-11-09 19:05:02,6.88,0.0,0.61,-0.0,0.0,6.89,0.0,0.61,-0.0,0.0,0.0,0.0,0.0
1668049562,2022-11-09 19:06:02,6.88,0.0,0.61,-0.0,0.0,6.86,0.0,0.61,-0.0,0.0,0.0,0.0,0.0
1668049623,2022-11-09 19:07:02,6.81,0.0,0.6,-0.0,0.0,6.84,0.0,0.61,-0.0,0.0,0.0,0.0,0.0
1668049683,2022-11-09 19:08:03,6.81,0.0,0.61,-0.0,0.0,6.81,0.0,0.61,-0.0,0.0,0.0,0.0,0.0
1668049743,2022-11-09 19:09:02,6.81,0.0,0.61,-0.0,0.0,6.79,0.0,0.61,-0.0,0.0,0.0,0.0,0.0
1668049803,2022-11-09 19:10:03,6.75,0.0,0.61,-0.0,0.0,6.76,0.0,0.61,-0.0,0.0,0.0,0.0,0.0
1668049863,2022-11-09 19:11:02,6.75,0.0,0.61,-0.0,0.0,6.74,0.0,0.61,-0.0,0.0,0.0,0.0,0.0
1668049922,2022-11-09 19:12:02,6.69,0.0,0.61,-0.0,0.0,6.71,0.0,0.61,-0.0,0.0,0.0,0.0,0.0
1668049983,2022-11-09 19:13:02,6.69,0.0,0.61,-0.0,0.0,6.69,0.0,0.61,-0.0,0.0,0.0,0.0,0.0
1668050042,2022-11-09 19:14:02,6.69,0.0,0.61,-0.0,0.0,6.66,0.0,0.61,-0.0,0.0,0.0,0.0,0.0
1668050103,2022-11-09 19:15:02,6.62,0.0,0.61,-0.0,0.0,6.64,0.0,0.61,-0.0,0.0,0.0,0.0,0.0
1668050162,2022-11-09 19:16:02,6.62,0.0,0.61,-0.0,0.0,6.61,0.0,0.61,-0.0,0.0,0.0,0.0,0.0
1668050223,2022-11-09 19:17:02,6.56,0.0,0.61,-0.0,0.0,6.58,0.0,0.61,-0.0,0.0,0.0,0.0,0.0
1668050283,2022-11-09 19:18:02,6.56,0.0,0.61,-0.0,0.0,6.57,0.0,0.61,-0.0,0.0,0.0,0.0,0.0
1668050343,2022-11-09 19:19:03,6.56,0.0,0.61,-0.0,0.0,6.56,0.0,0.61,-0.0,0.0,0.0,0.0,0.0
1668050403,2022-11-09 19:20:02,6.56,0.0,0.61,-0.0,0.0,6.55,0.0,0.61,-0.0,0.0,0.0,0.0,0.0
1668050463,2022-11-09 19:21:03,6.56,0.0,0.61,-0.0,0.0,6.54,0.0,0.61,-0.0,0.0,0.0,0.0,0.0
1668050523,2022-11-09 19:22:02,6.5,0.0,0.61,-0.0,0.0,6.54,0.0,0.61,-0.0,0.0,0.0,0.0,0.0
1668050583,2022-11-09 19:23:02,6.5,0.0,0.61,-0.0,0.0,6.55,0.0,0.61,-0.0,0.0,0.0,0.0,0.0
1668050642,2022-11-09 19:24:02,6.56,0.0,0.61,-0.0,0.0,6.55,0.0,0.61,-0.0,0.0,0.0,0.0,0.0
1668050703,2022-11-09 19:25:02,6.62,0.0,0.61,-0.0,0.0,6.56,0.0,0.61,-0.0,0.0,0.0,0.0,0.0
1668050762,2022-11-09 19:26:02,6.56,0.0,0.61,-0.0,0.0,6.56,0.0,0.61,-0.0,0.0,0.0,0.0,0.0
1668050823,2022-11-09 19:27:02,6.56,0.0,0.61,-0.0,0.0,6.55,0.0,0.61,-0.0,0.0,0.0,0.0,0.0
1668050882,2022-11-09 19:28:02,6.5,0.0,0.61,-0.0,0.0,6.54,0.0,0.61,-0.0,0.0,0.0,0.0,0.0
1668050943,2022-11-09 19:29:02,6.5,0.0,0.61,-0.0,0.0,6.54,0.0,0.61,-0.0,0.0,0.0,0.0,0.0
1668051002,2022-11-09 19:30:02,6.56,0.0,0.61,-0.0,0.0,6.52,0.0,0.61,-0.0,0.0,0.0,0.0,0.0
1668051063,2022-11-09 19:31:02,6.56,0.0,0.61,-0.0,0.0,6.52,0.0,0.61,-0.0,0.0,0.0,0.0,0.0
1668051122,2022-11-09 19:32:02,6.5,0.0,0.61,-0.0,0.0,6.52,0.0,0.61,-0.0,0.0,0.0,0.0,0.0
1668051183,2022-11-09 19:33:02,6.5,0.0,0.61,-0.0,0.0,6.51,0.0,0.61,-0.0,0.0,0.0,0.0,0.0
1668051242,2022-11-09 19:34:02,6.5,0.0,0.61,-0.0,0.0,6.5,0.0,0.61,-0.0,0.0,0.0,0.0,0.0
1668051303,2022-11-09 19:35:02,6.5,0.0,0.61,-0.0,0.0,6.5,0.0,0.61,-0.0,0.0,0.0,0.0,0.0
1668051362,2022-11-09 19:36:02,6.5,0.0,0.61,-0.0,0.0,6.49,0.0,0.61,-0.0,0.0,0.0,0.0,0.0
1668051423,2022-11-09 19:37:02,6.5,0.0,0.61,-0.0,0.0,6.48,0.0,0.61,-0.0,0.0,0.0,0.0,0.0
1668051482,2022-11-09 19:38:02,6.44,0.0,0.61,-0.0,0.0,6.45,0.0,0.61,-0.0,0.0,0.0,0.0,0.0
1668051543,2022-11-09 19:39:02,6.44,0.0,0.61,-0.0,0.0,6.43,0.0,0.61,-0.0,0.0,0.0,0.0,0.0
1668051602,2022-11-09 19:40:02,6.38,0.0,0.61,-0.0,0.0,6.4,0.0,0.61,-0.0,0.0,0.0,0.0,0.0
1668051663,2022-11-09 19:41:02,6.38,0.0,0.61,-0.0,0.0,6.39,0.0,0.61,-0.0,0.0,0.0,0.0,0.0
1668051722,2022-11-09 19:42:02,6.38,0.0,0.61,-0.0,0.0,6.38,0.0,0.61,-0.0,0.0,0.0,0.0,0.0
1668051783,2022-11-09 19:43:02,6.38,0.0,0.61,-0.0,0.0,6.38,0.0,0.61,-0.0,0.0,0.0,0.0,0.0
1668051842,2022-11-09 19:44:02,6.38,0.0,0.61,-0.0,0.0,6.37,0.0,0.61,-0.0,0.0,0.0,0.0,0.0
1668051903,2022-11-09 19:45:02,6.38,0.0,0.61,-0.0,0.0,6.35,0.0,0.61,-0.0,0.0,0.0,0.0,0.0
1668051962,2022-11-09 19:46:02,6.31,0.0,0.61,-0.0,0.0,6.34,0.0,0.61,-0.0,0.0,0.0,0.0,0.0
1668052023,2022-11-09 19:47:02,6.31,0.0,0.61,-0.0,0.0,6.32,0.0,0.61,-0.0,0.0,0.0,0.0,0.0
1668052082,2022-11-09 19:48:02,6.31,0.0,0.61,-0.0,0.0,6.31,0.0,0.61,-0.0,0.0,0.0,0.0,0.0
1668052143,2022-11-09 19:49:02,6.31,0.0,0.61,-0.0,0.0,6.31,0.0,0.61,-0.0,0.0,0.0,0.0,0.0
1668052202,2022-11-09 19:50:02,6.31,0.0,0.61,-0.0,0.0,6.31,0.0,0.61,-0.0,0.0,0.0,0.0,0.0
1668052263,2022-11-09 19:51:02,6.31,0.0,0.61,-0.0,0.0,6.31,0.0,0.61,-0.0,0.0,0.0,0.0,0.0
1668052322,2022-11-09 19:52:02,6.31,0.0,0.61,-0.0,0.0,6.3,0.0,0.61,-0.0,0.0,0.0,0.0,0.0
1668052383,2022-11-09 19:53:02,6.31,0.0,0.61,-0.0,0.0,6.29,0.0,0.61,-0.0,0.0,0.0,0.0,0.0
1668052443,2022-11-09 19:54:03,6.25,0.0,0.61,-0.0,0.0,6.27,0.0,0.61,-0.0,0.0,0.0,0.0,0.0
1668052502,2022-11-09 19:55:02,6.25,0.0,0.61,-0.0,0.0,6.26,0.0,0.61,-0.0,0.0,0.0,0.0,0.0
1668052563,2022-11-09 19:56:02,6.25,0.0,0.62,-0.0,0.0,6.24,0.0,0.61,-0.0,0.0,0.0,0.0,0.0
1668052622,2022-11-09 19:57:02,6.25,0.0,0.61,-0.0,0.0,6.23,0.0,0.61,-0.0,0.0,0.0,0.0,0.0
1668052683,2022-11-09 19:58:02,6.19,0.0,0.61,-0.0,0.0,6.22,0.0,0.61,-0.0,0.0,0.0,0.0,0.0
1668052742,2022-11-09 19:59:02,6.19,0.0,0.61,-0.0,0.0,6.21,0.0,0.61,-0.0,0.0,0.0,0.0,0.0
